Query,Genus/Species,Nucleotide_acc,start,end,dir,AA_seq
AFS60639.1,bacterium symbiont of Theonella swinhoei pTSMAC1 Bacteria.,JX456532.1,3931,4030,+,VADPMIEAYFSSNSIPVKSTLPGSRLIPTRPG
AFS60639.1,bacterium symbiont of Theonella swinhoei pTSMAC1 Bacteria.,JX456532.1,4026,4446,+,MMQIARNLTMDEWGILEPGEYLIHDRDAKFCDAYKQIIDGAGVKRIPLPPRSPWLNAFAERWVQSVKTEALSKLILFGEDSLRHVLSEYVAHYHSERPHQGKSNVILFPSAESKGNLEAPVECRERLGGLLTYYHRKAA
AFS60639.1,bacterium symbiont of Theonella swinhoei pTSMAC1 Bacteria.,JX456532.1,4954,4516,-,MHHFVYPACLTPEEQDGGFVVTFVDLPEAITQGEDIADALRQGADCLEEAMAGRIRRHDIIPEPSPVGSACYAIALSAQMAAKAALYVALRQVGISQVELAGRLHCDEKEVRRLLDPRHASKLSRLESALAALGHQLVVGMQVTE
AFS60639.1,bacterium symbiont of Theonella swinhoei pTSMAC1 Bacteria.,JX456532.1,5176,4963,-,MTGNEFIRRLRRLGRQRGVRVEFVPERGKGSHGTLYYGERLTIVRNPRDELKTGTLYAMLAQLGLSRADL
AFS60639.1,bacterium symbiont of Theonella swinhoei pTSMAC1 Bacteria.,JX456532.1,5197,5365,+,MTDDQEKCAAYSDGRHQIERFECEGALMGSYEFFGHTGGNFAVESMATFAWNMQQ
AFS60639.1,bacterium symbiont of Theonella swinhoei pTSMAC1 Bacteria.,JX456532.1,5288,5405,+,MSFLATQVATLPWNRWQLSRGICSSDSESIVDDRGAVC
AFS60639.1,bacterium symbiont of Theonella swinhoei pTSMAC1 Bacteria.,JX456532.1,5297,5405,+,LATQVATLPWNRWQLSRGICSSDSESIVDDRGAVC
AFS60639.1,bacterium symbiont of Theonella swinhoei pTSMAC1 Bacteria.,JX456532.1,5309,5405,+,VATLPWNRWQLSRGICSSDSESIVDDRGAVC
AFS60639.1,bacterium symbiont of Theonella swinhoei pTSMAC1 Bacteria.,JX456532.1,5499,5850,+,MLQTQCLKVPIIPGKEAEVKNWLAALSTRHQEVLEAITSEDIADEAMFYAKEPSGEFLYLYSRAPDLAVAGAAFQKSQLPIDQEFKRISAECLDYRSAIRLELLLSADSRNKYVYP
AFS60639.1,bacterium symbiont of Theonella swinhoei pTSMAC1 Bacteria.,JX456532.1,5500,5401,-,LQQLLLGRGLKDGWLTWVSSGFVTTFEPSGLS
AFS60639.1,bacterium symbiont of Theonella swinhoei pTSMAC1 Bacteria.,JX456532.1,7787,7682,-,MDRLVHRPYNCVDRIMAANQSPSPGEEVSHEPIQ
AFS60639.1,bacterium symbiont of Theonella swinhoei pTSMAC1 Bacteria.,JX456532.1,7796,7682,-,LPLMDRLVHRPYNCVDRIMAANQSPSPGEEVSHEPIQ
AFS60639.1,bacterium symbiont of Theonella swinhoei pTSMAC1 Bacteria.,JX456532.1,7887,8571,+,MAISFKGAHFPPKVILMGVRWYLAYPLSTRHVEELMAERGVHVDHSTVNRWVVKYSPQLEAEFHRRKRAVWTSWRMDETYIKVKGEWKYLYRAVDKFGKTIDFLLTEQRDEKAARKFLNKAIGRHGSVPEKITIDGSAANEAAIKSYNKDHGMSIEIRQVKYLNNIVEQDHRGVKRITRPMLGFQSFDSAQSTLTGIELMHMLRKGQLEDRGEQGLSVADQFYALAS
AFS60639.1,bacterium symbiont of Theonella swinhoei pTSMAC1 Bacteria.,JX456532.1,8693,8594,-,LSSDFLRIIGIFHPSWKVVRFRRKYGCLAALG
AFS60639.1,bacterium symbiont of Theonella swinhoei pTSMAC1 Bacteria.,JX456532.1,8700,8571,-,MHFVKRLFKNNWDLSPELESSEVPSQIWVSRCFGVSEPRLVG
AFS60639.1,bacterium symbiont of Theonella swinhoei pTSMAC1 Bacteria.,JX456532.1,8816,8708,-,MILSPNKQNQLSSAVFADGKGTTSLCCQSLNIGEF
AFS60639.1,bacterium symbiont of Theonella swinhoei pTSMAC1 Bacteria.,JX456532.1,12891,13329,+,MADSDNTPTSRKDFETAIIAKAWKDPEYLRRLRSNPREVLQEELEALHPGAQLPDDLGISIHEEDENHVHLVMPRHPQNVSDQTLTDDDLDQAAGGTGIGVVVAVVAGAVANTGAGVNQVAGGNINVVGNINVNANVSVNMNQTT
AFS60639.1,bacterium symbiont of Theonella swinhoei pTSMAC1 Bacteria.,JX456532.1,17955,18288,+,MDNATHHFEQSHFGTLHEVGLYDEVSIELLEYATAGFRWEITYESPEAVEVIDSEYVPPESDAAGAAGLRRFRLRLVREGHVRLALQMICPFRKDDPPAASGTIELQVRP
AFS60639.1,bacterium symbiont of Theonella swinhoei pTSMAC1 Bacteria.,JX456532.1,21329,20645,-,MAISFKGAHFPPEVILMGVRWYLAYPLSTRHVEELMAERGVHVDHSTVNRWVVKYSPQLEAEFHRRKRAVWTSWRMDETYIKVKGEWKYLYRAVDKFGKTIDFLLTEQRDEKAARKFLNKAIGRHGSVPEKITIDGSAANEAAIKSYNKDHGMSIEIRQVKYLNNIVEQDHRGVKRITRPMLGFQSFDSAQSTLTGIELMHMLRKGQLEDRGEQGLSVADQFYALAS
AFS60639.1,bacterium symbiont of Theonella swinhoei pTSMAC1 Bacteria.,JX456532.1,21382,21574,+,MASDENLRRNPLLPTLSVYLGHVRPQDTYWYLSATPELLTAAATKFQRESRKMNEASLVLDRE
AFS60639.1,bacterium symbiont of Theonella swinhoei pTSMAC1 Bacteria.,JX456532.1,21570,21675,+,VTQTMLKLRHTDDCQREKAVRRVLNYAAYICIDP
AFS60639.1,bacterium symbiont of Theonella swinhoei pTSMAC1 Bacteria.,JX456532.1,21608,21776,+,LSEGKSSQESPELCRVHMHRPIIQLIDSMELTTTHNLCTPDNLGIGIMTIMSGPT
AFS60639.1,bacterium symbiont of Theonella swinhoei pTSMAC1 Bacteria.,JX456532.1,21659,21776,+,MHRPIIQLIDSMELTTTHNLCTPDNLGIGIMTIMSGPT
AFS60639.1,bacterium symbiont of Theonella swinhoei pTSMAC1 Bacteria.,JX456532.1,21680,21776,+,LIDSMELTTTHNLCTPDNLGIGIMTIMSGPT
WP_051528945.1,Microvirgula sp. AG722,NZ_QLTJ01000006.1,90642,89943,-,MNESLVDTESLGREEQDSVEVNRPDTATRILDVAEKLFIEHGFDATSLRLITQQAEVNLAAVNYHFGSKDALLQQAVIRRLAPWNRQCIEELDRLEAQGKPLTVEALVYGFIRPSLAMSRDPTRGGALFVRLLSRTFIENHKMLREAIPADHSEFVKRYSRAFSKVLPELGIEELAWRLHFSFSLMFNAFAGNDVLKVFIKKQQIVSARDPDIVARHLLPYVIAGLTAPMPE
WP_051528945.1,Microvirgula sp. AG722,NZ_QLTJ01000006.1,90770,90668,-,LSDKQVFHCDNRAAPFGWPDFFGMWLDTRKIKT
WP_051528945.1,Microvirgula sp. AG722,NZ_QLTJ01000006.1,91211,90785,-,MPKLSVIDHIHVWVKDRAASAVWYQRTLGLSPDPRFAAWAQAPSGPLTLFNSGNTVHLALFEKVDAAPSHSVIAFSVGGADFLAWIDKLAGERVLATDGRYLARDCIVDHKLAWSFYFVDPDGNPFEITSYDYSWLAAKLR
WP_051528945.1,Microvirgula sp. AG722,NZ_QLTJ01000006.1,94025,94184,+,MRMLSMKLSSWQSNLLIYRKSLPQPCKPLNRSQATVSDPLPIRRWPTPVQLV
WP_051528945.1,Microvirgula sp. AG722,NZ_QLTJ01000006.1,94031,94184,+,MLSMKLSSWQSNLLIYRKSLPQPCKPLNRSQATVSDPLPIRRWPTPVQLV
WP_051528945.1,Microvirgula sp. AG722,NZ_QLTJ01000006.1,94040,94184,+,MKLSSWQSNLLIYRKSLPQPCKPLNRSQATVSDPLPIRRWPTPVQLV
WP_051528945.1,Microvirgula sp. AG722,NZ_QLTJ01000006.1,95554,96100,+,MASVNKVILVGNLGRDPEVRYMPNGEAVANFSIATTDQWKDKNGMRQERTEWHNIVMYRRLAEIAGEYLKKGRPVYIEGRIQSRKYNGKDGVERTAFEIVADQMQMLGGRDGGEGGGSNYGSGSGGASSGGGNYGGGSRASAGGNAAPQDNFRDDTPPAAPRRPEPKPAQNFDDLDDDIPF
WP_051528945.1,Microvirgula sp. AG722,NZ_QLTJ01000006.1,96689,96179,-,MATFTRMDKDTLTPSGKALTDLALELFRLNNRLLVAGDRLVAGIGLTSARWKVLGTISASERPQPVAWLARDMGANRQNVQRIVNDLAHEGLVALQPNPHHRRAPLVVLTDAGARTFEQAMRLQTPWANDLADGLSVADMETTLRVMAALARKLESDGESAQASTFLPV
WP_051528945.1,Microvirgula sp. AG722,NZ_QLTJ01000006.1,96701,96803,+,MSITHNKAPWFQIDTMHRNEMRLPPRNPARPDT
WP_051528945.1,Microvirgula sp. AG722,NZ_QLTJ01000006.1,96816,96708,-,MKGSFRCRVWPGSGAGVAFHCDAWCQSETMELYCA
WP_051528945.1,Microvirgula sp. AG722,NZ_QLTJ01000006.1,96817,97273,+,MPKIIHRIGGFVAPLCIVLFWTSTALTELFGSHVAVAQLKSLIVTPGLWILVPAIAMAGGSGMFMGKSRRGGLVDAKKKRMPFIAANGLLVLVPCAVMLDRWAAAGSFDSTFYLVQAIELIAGPINLALMGLNVRDGLRMAGRLRPSPARA
WP_051528945.1,Microvirgula sp. AG722,NZ_QLTJ01000006.1,96819,96708,-,MMKGSFRCRVWPGSGAGVAFHCDAWCQSETMELYCA
WP_051528945.1,Microvirgula sp. AG722,NZ_QLTJ01000006.1,96825,96708,-,LGMMKGSFRCRVWPGSGAGVAFHCDAWCQSETMELYCA
WP_051528945.1,Microvirgula sp. AG722,NZ_QLTJ01000006.1,96831,96708,-,MILGMMKGSFRCRVWPGSGAGVAFHCDAWCQSETMELYCA
WP_051528945.1,Microvirgula sp. AG722,NZ_QLTJ01000006.1,96835,96733,-,MNDLGHDEGVFQVSGLAGFRGGSRISLRCMVSI
WP_051528945.1,Microvirgula sp. AG722,NZ_QLTJ01000006.1,97283,97394,+,LNTGSAGRCTGPEPPFPCRSTRPTGRNCREYGSLPD
WP_051528945.1,Microvirgula sp. AG722,NZ_QLTJ01000006.1,99752,100193,+,MTTTTPASTQVPQTRRDLETHIITKAWKDPEYKAQLLKDPKAALQDALKSIDPSLSLPDSLQVQVHEENANLFHLVLPRNPSEISLAEVVGDNLEAVAPQTIAVVLVAVVGAAAAAVVTYLGAANVVGAANGTVTANAVANTNAVA
WP_051528945.1,Microvirgula sp. AG722,NZ_QLTJ01000006.1,105901,106165,+,MASENEARQILPGVEASLIALPNVVGIGVVLADESTHEAAIAVYVRRKLPLEVLQAGQVVPETVESTVNGVVVRVPTRVIEVGDFKL
WP_051528945.1,Microvirgula sp. AG722,NZ_QLTJ01000006.1,108216,108312,+,VPFRRSASGLSPGTITLSGPGRTPVQAPRLP
WP_051528945.1,Microvirgula sp. AG722,NZ_QLTJ01000006.1,108238,107803,-,MQIYEMAQYEFRGIVWVLVSLLLVLAVLLVCVVQAPAFEASGDGLRIRGTLFGRTIPAAALRLSEARVVDLRTTPALQPAWRLFGVGLPGYRAGWFRLGNKEKALVFLGRSHQALYIPTTAGYALLIAPNDPDGCLGTLRSGAA
WP_051528945.1,Microvirgula sp. AG722,NZ_QLTJ01000006.1,108834,109014,+,LPMRSGPCPDQKIAFCRVYHRPKAICRHAPSAFGTGCRAWRHWNCSAAPIPARSCSNRA
WP_051528945.1,Microvirgula sp. AG722,NZ_QLTJ01000006.1,108840,109014,+,MRSGPCPDQKIAFCRVYHRPKAICRHAPSAFGTGCRAWRHWNCSAAPIPARSCSNRA
WP_051528945.1,Microvirgula sp. AG722,NZ_QLTJ01000006.1,108842,108398,-,MGKPNEELDDALYAKVLALSEEGNRLIEEDDNLPAALDAYGEALALLPPPIERWDATLWLLIALGDSHFLLGQYDQAYDFLARAMRCPDALGTPFIHLRLGEIQFERGNLDKAADELARAYMGDGPEIFDTEDPKYLTFLRTRMRGI
WP_051528945.1,Microvirgula sp. AG722,NZ_QLTJ01000006.1,108960,108825,-,MAPGSASSTESRGGMSANGLRAMIDSTERNFLIRTGAGPHGQTE
WP_051528945.1,Microvirgula sp. AG722,NZ_QLTJ01000006.1,109012,108898,-,MLDSSNYELEWGPLNSSNGARLGIQYRKPRGHVGKWP
WP_051528945.1,Microvirgula sp. AG722,NZ_QLTJ01000006.1,109024,108898,-,VRTFMLDSSNYELEWGPLNSSNGARLGIQYRKPRGHVGKWP
KJS38424.1,Rhodospirillaceae bacterium BRH_c57,LAEA01000142.1,9137,9293,+,VHQEAEAVEDEGGFGGHFGMGRRGRSQGQRGGDAADGEELGLGHGENSFGS
KJS38424.1,Rhodospirillaceae bacterium BRH_c57,LAEA01000142.1,9194,9293,+,MGRRGRSQGQRGGDAADGEELGLGHGENSFGS
KJS38424.1,Rhodospirillaceae bacterium BRH_c57,LAEA01000142.1,9642,9303,-,MKLIMAIIKPFKLDEVQAALSPLGIQGLTVSEVKGFGRQKGQTEIYRGAEYQVSFLPKIKVEVAVKAEIADQVVEVICAAAKTDKIGDGKVFVMDIQKAVRIRTGETDGDAL
KJS38424.1,Rhodospirillaceae bacterium BRH_c57,LAEA01000142.1,9670,9811,+,VARRQRRAPSIVGGITYKFRARRPEDTGSRVSASSTSGEDLRKAEK
KJS38424.1,Rhodospirillaceae bacterium BRH_c57,LAEA01000142.1,9836,9713,-,MRHPPRFCLIFQPFSDPLRLWNWRKPLIRCLPAFWHGICR
KJS38424.1,Rhodospirillaceae bacterium BRH_c57,LAEA01000142.1,9840,9717,-,MNAPPAPVLPYFSAFLRSSPLVELAETLDPVSSGLLARNL
KJS38424.1,Rhodospirillaceae bacterium BRH_c57,LAEA01000142.1,9913,9754,-,MTAPDPSQDPVRESQRSLWCIKINHECATRPGSALFFSLSQILSACGTGGNP
KJS38424.1,Rhodospirillaceae bacterium BRH_c57,LAEA01000142.1,10383,9909,-,MVDPLFEESQRVSSVVVLVMIAILAVVSALLLWKFGSRGRIWISLGAATVFVGVLLAFMHMRTTVTQDGVTISLFHVFSTSIPADTIAATEAIEYNPLGDFGGWGLRFGPQGRAYSIRGDEGVQLTLNDGRKILIGSQRPDALHRAIQATRAADRVR
KJS38424.1,Rhodospirillaceae bacterium BRH_c57,LAEA01000142.1,10720,10426,-,MPDPTDDGAAPQIPVTEDDVGRVLDQYEDFLMALPNVVGVGSVPHPTSGEPTVAVYVSSPPDPGQVPATLEVDGGDGRKVVKTHIVPVGIISPQGPA
KJS38424.1,Rhodospirillaceae bacterium BRH_c57,LAEA01000142.1,15861,15966,+,MVLIGFPLARVTMKGSAVRPAAPTGGGRRAVGGG
KJS38424.1,Rhodospirillaceae bacterium BRH_c57,LAEA01000142.1,15864,15966,+,VLIGFPLARVTMKGSAVRPAAPTGGGRRAVGGG
KJS38424.1,Rhodospirillaceae bacterium BRH_c57,LAEA01000142.1,15990,16131,+,VPGRGAGRDRGPATEAGPCSRTATGRRAGHRPFVPRRWAWLAPRGP
KJS38424.1,Rhodospirillaceae bacterium BRH_c57,LAEA01000142.1,16043,16316,+,LLSNSNRASRRASTVRSTSVGVACPARPLTSAGRRFALSQAPRTATASGPRWWTSRTRQGRVSVTVQPSPQGAAWRVGASGRMVGTAPSG
KJS38424.1,Rhodospirillaceae bacterium BRH_c57,LAEA01000142.1,16060,15895,-,LLFESKGQLLSLVLDHAPRPYPAPQNFPAGQLSPRPLPDDRRPWARRAAPPILS
KJS38424.1,Rhodospirillaceae bacterium BRH_c57,LAEA01000142.1,16096,15895,-,VERTVDALRDARLLFESKGQLLSLVLDHAPRPYPAPQNFPAGQLSPRPLPDDRRPWARRAAPPILS
KJS38424.1,Rhodospirillaceae bacterium BRH_c57,LAEA01000142.1,16100,16316,+,VGVACPARPLTSAGRRFALSQAPRTATASGPRWWTSRTRQGRVSVTVQPSPQGAAWRVGASGRMVGTAPSG
KJS38424.1,Rhodospirillaceae bacterium BRH_c57,LAEA01000142.1,16106,16316,+,VACPARPLTSAGRRFALSQAPRTATASGPRWWTSRTRQGRVSVTVQPSPQGAAWRVGASGRMVGTAPSG
KJS38424.1,Rhodospirillaceae bacterium BRH_c57,LAEA01000142.1,16111,17011,+,LPREAPDKRRAAFCAVTGPQDGHGQRTKMVDIADPAGPRVGDCPAVAAGRGLEGRRIGAHGWDRAVWIVGEAVVPSADGVVEGGASGLLVRRRSARRAIGERIGLMRQQVGRLRRGMGVGPGWREVEPKTLGFLGVGAEAEEVDPVHGRHARGLEMGDQRQPAGDLGMPCVLFAGGAVQDVPQQPDPIEPGPLQKLEVGHRAGALAQQPEHVLAERFDAGLEPPRAGVGQQRHLIASEVRLDLEKQMVGRPRPGEGREEGREVVGFNDVVGRRESVDAVAVAQGGYLCADHLGSFRAEP
KJS38424.1,Rhodospirillaceae bacterium BRH_c57,LAEA01000142.1,16180,15895,-,VAVLGACDSAKRRPALVRGLAGQATPTDVERTVDALRDARLLFESKGQLLSLVLDHAPRPYPAPQNFPAGQLSPRPLPDDRRPWARRAAPPILS
KJS38424.1,Rhodospirillaceae bacterium BRH_c57,LAEA01000142.1,16195,17011,+,MVDIADPAGPRVGDCPAVAAGRGLEGRRIGAHGWDRAVWIVGEAVVPSADGVVEGGASGLLVRRRSARRAIGERIGLMRQQVGRLRRGMGVGPGWREVEPKTLGFLGVGAEAEEVDPVHGRHARGLEMGDQRQPAGDLGMPCVLFAGGAVQDVPQQPDPIEPGPLQKLEVGHRAGALAQQPEHVLAERFDAGLEPPRAGVGQQRHLIASEVRLDLEKQMVGRPRPGEGREEGREVVGFNDVVGRRESVDAVAVAQGGYLCADHLGSFRAEP
KJS38424.1,Rhodospirillaceae bacterium BRH_c57,LAEA01000142.1,16198,17011,+,VDIADPAGPRVGDCPAVAAGRGLEGRRIGAHGWDRAVWIVGEAVVPSADGVVEGGASGLLVRRRSARRAIGERIGLMRQQVGRLRRGMGVGPGWREVEPKTLGFLGVGAEAEEVDPVHGRHARGLEMGDQRQPAGDLGMPCVLFAGGAVQDVPQQPDPIEPGPLQKLEVGHRAGALAQQPEHVLAERFDAGLEPPRAGVGQQRHLIASEVRLDLEKQMVGRPRPGEGREEGREVVGFNDVVGRRESVDAVAVAQGGYLCADHLGSFRAEP
KJS38424.1,Rhodospirillaceae bacterium BRH_c57,LAEA01000142.1,16291,15895,-,MRPDAPTLQAAPCGDGWTVTDTRPCRVRDVHHLGPLAVAVLGACDSAKRRPALVRGLAGQATPTDVERTVDALRDARLLFESKGQLLSLVLDHAPRPYPAPQNFPAGQLSPRPLPDDRRPWARRAAPPILS
KJS38424.1,Rhodospirillaceae bacterium BRH_c57,LAEA01000142.1,16315,17011,+,VGEAVVPSADGVVEGGASGLLVRRRSARRAIGERIGLMRQQVGRLRRGMGVGPGWREVEPKTLGFLGVGAEAEEVDPVHGRHARGLEMGDQRQPAGDLGMPCVLFAGGAVQDVPQQPDPIEPGPLQKLEVGHRAGALAQQPEHVLAERFDAGLEPPRAGVGQQRHLIASEVRLDLEKQMVGRPRPGEGREEGREVVGFNDVVGRRESVDAVAVAQGGYLCADHLGSFRAEP
KJS38424.1,Rhodospirillaceae bacterium BRH_c57,LAEA01000142.1,16319,16421,+,VKPSYQARMASLRAVHPGCLSGGAAPAGRLVNE
KJS38424.1,Rhodospirillaceae bacterium BRH_c57,LAEA01000142.1,16337,16157,-,LVRRLHPLSRRRGPNHAPRCADPPGRALRRRLDSHRHAALPGPRCPPSWSAGRGRPGGL
KJS38424.1,Rhodospirillaceae bacterium BRH_c57,LAEA01000142.1,16367,16157,-,MHRPQRRHPRLVRRLHPLSRRRGPNHAPRCADPPGRALRRRLDSHRHAALPGPRCPPSWSAGRGRPGGL
KJS38424.1,Rhodospirillaceae bacterium BRH_c57,LAEA01000142.1,16426,17011,+,MRQQVGRLRRGMGVGPGWREVEPKTLGFLGVGAEAEEVDPVHGRHARGLEMGDQRQPAGDLGMPCVLFAGGAVQDVPQQPDPIEPGPLQKLEVGHRAGALAQQPEHVLAERFDAGLEPPRAGVGQQRHLIASEVRLDLEKQMVGRPRPGEGREEGREVVGFNDVVGRRESVDAVAVAQGGYLCADHLGSFRAEP
KJS38424.1,Rhodospirillaceae bacterium BRH_c57,LAEA01000142.1,16435,15895,-,LAHQAYSFTNRPAGAAPPDKQPGCTALNDAIRAWYDGFTHYPDGAVPTMRPDAPTLQAAPCGDGWTVTDTRPCRVRDVHHLGPLAVAVLGACDSAKRRPALVRGLAGQATPTDVERTVDALRDARLLFESKGQLLSLVLDHAPRPYPAPQNFPAGQLSPRPLPDDRRPWARRAAPPILS
KJS38424.1,Rhodospirillaceae bacterium BRH_c57,LAEA01000142.1,16459,17011,+,MGVGPGWREVEPKTLGFLGVGAEAEEVDPVHGRHARGLEMGDQRQPAGDLGMPCVLFAGGAVQDVPQQPDPIEPGPLQKLEVGHRAGALAQQPEHVLAERFDAGLEPPRAGVGQQRHLIASEVRLDLEKQMVGRPRPGEGREEGREVVGFNDVVGRRESVDAVAVAQGGYLCADHLGSFRAEP
KJS38424.1,Rhodospirillaceae bacterium BRH_c57,LAEA01000142.1,16550,16814,+,MAGMPGGWKWAISGSQPATSACHASCSPGAPCRMCHSSQIPLSLAHFRSWRLVIALAPLLNSLSMSSLSDSMPGWSHRAPASASSAT
KJS38424.1,Rhodospirillaceae bacterium BRH_c57,LAEA01000142.1,16552,15895,-,MNRIDFLRFSPYAEEPERFGLDLSPAWAYAHTAPQSPDLLAHQAYSFTNRPAGAAPPDKQPGCTALNDAIRAWYDGFTHYPDGAVPTMRPDAPTLQAAPCGDGWTVTDTRPCRVRDVHHLGPLAVAVLGACDSAKRRPALVRGLAGQATPTDVERTVDALRDARLLFESKGQLLSLVLDHAPRPYPAPQNFPAGQLSPRPLPDDRRPWARRAAPPILS
KJS38424.1,Rhodospirillaceae bacterium BRH_c57,LAEA01000142.1,16559,16814,+,MPGGWKWAISGSQPATSACHASCSPGAPCRMCHSSQIPLSLAHFRSWRLVIALAPLLNSLSMSSLSDSMPGWSHRAPASASSAT
KJS38424.1,Rhodospirillaceae bacterium BRH_c57,LAEA01000142.1,16561,15895,-,MPAMNRIDFLRFSPYAEEPERFGLDLSPAWAYAHTAPQSPDLLAHQAYSFTNRPAGAAPPDKQPGCTALNDAIRAWYDGFTHYPDGAVPTMRPDAPTLQAAPCGDGWTVTDTRPCRVRDVHHLGPLAVAVLGACDSAKRRPALVRGLAGQATPTDVERTVDALRDARLLFESKGQLLSLVLDHAPRPYPAPQNFPAGQLSPRPLPDDRRPWARRAAPPILS
KJS38424.1,Rhodospirillaceae bacterium BRH_c57,LAEA01000142.1,16576,17011,+,MGDQRQPAGDLGMPCVLFAGGAVQDVPQQPDPIEPGPLQKLEVGHRAGALAQQPEHVLAERFDAGLEPPRAGVGQQRHLIASEVRLDLEKQMVGRPRPGEGREEGREVVGFNDVVGRRESVDAVAVAQGGYLCADHLGSFRAEP
KJS38424.1,Rhodospirillaceae bacterium BRH_c57,LAEA01000142.1,16612,17011,+,MPCVLFAGGAVQDVPQQPDPIEPGPLQKLEVGHRAGALAQQPEHVLAERFDAGLEPPRAGVGQQRHLIASEVRLDLEKQMVGRPRPGEGREEGREVVGFNDVVGRRESVDAVAVAQGGYLCADHLGSFRAEP
KJS38424.1,Rhodospirillaceae bacterium BRH_c57,LAEA01000142.1,16619,16379,-,MACRGRRLAAADRPFPAPGHAGHEPDRLPPLQPLRRGTRAFWARPLASLGLRPYRAAVARPVGASGLFVHQSPGGRCAA
KJS38424.1,Rhodospirillaceae bacterium BRH_c57,LAEA01000142.1,16642,17011,+,VQDVPQQPDPIEPGPLQKLEVGHRAGALAQQPEHVLAERFDAGLEPPRAGVGQQRHLIASEVRLDLEKQMVGRPRPGEGREEGREVVGFNDVVGRRESVDAVAVAQGGYLCADHLGSFRAEP
KJS38424.1,Rhodospirillaceae bacterium BRH_c57,LAEA01000142.1,16649,16814,+,MCHSSQIPLSLAHFRSWRLVIALAPLLNSLSMSSLSDSMPGWSHRAPASASSAT
KJS38424.1,Rhodospirillaceae bacterium BRH_c57,LAEA01000142.1,16651,17011,+,VPQQPDPIEPGPLQKLEVGHRAGALAQQPEHVLAERFDAGLEPPRAGVGQQRHLIASEVRLDLEKQMVGRPRPGEGREEGREVVGFNDVVGRRESVDAVAVAQGGYLCADHLGSFRAEP
KJS38424.1,Rhodospirillaceae bacterium BRH_c57,LAEA01000142.1,16658,16379,-,VAHPARRPRRTGRMACRGRRLAAADRPFPAPGHAGHEPDRLPPLQPLRRGTRAFWARPLASLGLRPYRAAVARPVGASGLFVHQSPGGRCAA
KJS38424.1,Rhodospirillaceae bacterium BRH_c57,LAEA01000142.1,16673,16814,+,LSLAHFRSWRLVIALAPLLNSLSMSSLSDSMPGWSHRAPASASSAT
KJS38424.1,Rhodospirillaceae bacterium BRH_c57,LAEA01000142.1,16688,16379,-,VGQAQWDLAAVAHPARRPRRTGRMACRGRRLAAADRPFPAPGHAGHEPDRLPPLQPLRRGTRAFWARPLASLGLRPYRAAVARPVGASGLFVHQSPGGRCAA
KJS38424.1,Rhodospirillaceae bacterium BRH_c57,LAEA01000142.1,16703,16814,+,LVIALAPLLNSLSMSSLSDSMPGWSHRAPASASSAT
KJS38424.1,Rhodospirillaceae bacterium BRH_c57,LAEA01000142.1,16711,15895,-,MTNLQLLKWARLNGIWLLWHILHGAPGEQDAWHAEVAGWLPLIAHFQPPGMPAMNRIDFLRFSPYAEEPERFGLDLSPAWAYAHTAPQSPDLLAHQAYSFTNRPAGAAPPDKQPGCTALNDAIRAWYDGFTHYPDGAVPTMRPDAPTLQAAPCGDGWTVTDTRPCRVRDVHHLGPLAVAVLGACDSAKRRPALVRGLAGQATPTDVERTVDALRDARLLFESKGQLLSLVLDHAPRPYPAPQNFPAGQLSPRPLPDDRRPWARRAAPPILS
KJS38424.1,Rhodospirillaceae bacterium BRH_c57,LAEA01000142.1,16732,15895,-,LSKGASAMTNLQLLKWARLNGIWLLWHILHGAPGEQDAWHAEVAGWLPLIAHFQPPGMPAMNRIDFLRFSPYAEEPERFGLDLSPAWAYAHTAPQSPDLLAHQAYSFTNRPAGAAPPDKQPGCTALNDAIRAWYDGFTHYPDGAVPTMRPDAPTLQAAPCGDGWTVTDTRPCRVRDVHHLGPLAVAVLGACDSAKRRPALVRGLAGQATPTDVERTVDALRDARLLFESKGQLLSLVLDHAPRPYPAPQNFPAGQLSPRPLPDDRRPWARRAAPPILS
KJS38424.1,Rhodospirillaceae bacterium BRH_c57,LAEA01000142.1,16744,15895,-,MLRLLSKGASAMTNLQLLKWARLNGIWLLWHILHGAPGEQDAWHAEVAGWLPLIAHFQPPGMPAMNRIDFLRFSPYAEEPERFGLDLSPAWAYAHTAPQSPDLLAHQAYSFTNRPAGAAPPDKQPGCTALNDAIRAWYDGFTHYPDGAVPTMRPDAPTLQAAPCGDGWTVTDTRPCRVRDVHHLGPLAVAVLGACDSAKRRPALVRGLAGQATPTDVERTVDALRDARLLFESKGQLLSLVLDHAPRPYPAPQNFPAGQLSPRPLPDDRRPWARRAAPPILS
KJS38424.1,Rhodospirillaceae bacterium BRH_c57,LAEA01000142.1,16781,16379,-,VAPARHRIAQRGHAQAVEQGRQRDDQPPASEVGQAQWDLAAVAHPARRPRRTGRMACRGRRLAAADRPFPAPGHAGHEPDRLPPLQPLRRGTRAFWARPLASLGLRPYRAAVARPVGASGLFVHQSPGGRCAA
KJS38424.1,Rhodospirillaceae bacterium BRH_c57,LAEA01000142.1,16849,17011,+,MVGRPRPGEGREEGREVVGFNDVVGRRESVDAVAVAQGGYLCADHLGSFRAEP
KJS38424.1,Rhodospirillaceae bacterium BRH_c57,LAEA01000142.1,16852,17011,+,VGRPRPGEGREEGREVVGFNDVVGRRESVDAVAVAQGGYLCADHLGSFRAEP
KJS38424.1,Rhodospirillaceae bacterium BRH_c57,LAEA01000142.1,16911,16728,-,LKPTTSRPSSRPSPGRGRPTICFSRSRRTSDAIRWRCWPTPARGGSSPASNRSARTCSGC
KJS38424.1,Rhodospirillaceae bacterium BRH_c57,LAEA01000142.1,16961,17114,+,VAISARTTSGLFERNRKPDAGMPQNAQWCFCPHQHPRAVSMGMPGMTCRR
KJS38424.1,Rhodospirillaceae bacterium BRH_c57,LAEA01000142.1,17041,17488,+,VVLLPPPAPARGFDGDAGNDVPAVGSPLQGLEIGLVVGRRDALQCRHAGKQAGALWRGLGLPVGAAEHARRQGVLWQVGGLGDDPPAQRGQQGVSLARDHVIDEGTGAQGRPAHGAFTVASAQQGGDRRIKGLDLPQQGEGGVVLLEN
KJS38424.1,Rhodospirillaceae bacterium BRH_c57,LAEA01000142.1,17044,17488,+,VLLPPPAPARGFDGDAGNDVPAVGSPLQGLEIGLVVGRRDALQCRHAGKQAGALWRGLGLPVGAAEHARRQGVLWQVGGLGDDPPAQRGQQGVSLARDHVIDEGTGAQGRPAHGAFTVASAQQGGDRRIKGLDLPQQGEGGVVLLEN
KJS38424.1,Rhodospirillaceae bacterium BRH_c57,LAEA01000142.1,17060,16907,-,VGAEAPLRVLRHPGIGLTVPLEKTRGGPRRDSHPGRPLRHQPILAGRQHR
KJS38424.1,Rhodospirillaceae bacterium BRH_c57,LAEA01000142.1,17066,16907,-,VLVGAEAPLRVLRHPGIGLTVPLEKTRGGPRRDSHPGRPLRHQPILAGRQHR
KJS38424.1,Rhodospirillaceae bacterium BRH_c57,LAEA01000142.1,17101,17488,+,VPAVGSPLQGLEIGLVVGRRDALQCRHAGKQAGALWRGLGLPVGAAEHARRQGVLWQVGGLGDDPPAQRGQQGVSLARDHVIDEGTGAQGRPAHGAFTVASAQQGGDRRIKGLDLPQQGEGGVVLLEN
KJS38424.1,Rhodospirillaceae bacterium BRH_c57,LAEA01000142.1,17168,16907,-,VRRAARLRVLFRDPGADCLPPARHSRHPHRNRARVLVGAEAPLRVLRHPGIGLTVPLEKTRGGPRRDSHPGRPLRHQPILAGRQHR
KJS38424.1,Rhodospirillaceae bacterium BRH_c57,LAEA01000142.1,17172,17289,+,VSARGQTGGRPLAGSRPACRRGRTRPAAGCPVAGRGPR
KJS38424.1,Rhodospirillaceae bacterium BRH_c57,LAEA01000142.1,17190,16965,-,LPACRHWSASRRPTTSPISRPWSGLPTAGTSFPASPSKPRAGAGGGRSTTARSAASRHRAYGSARKDPRWSAQR
KJS38424.1,Rhodospirillaceae bacterium BRH_c57,LAEA01000142.1,17303,16907,-,VLADHHRGPRPATGHPAAGRVRPRRQAGRDPARGRPPVCPRADTGVRRAARLRVLFRDPGADCLPPARHSRHPHRNRARVLVGAEAPLRVLRHPGIGLTVPLEKTRGGPRRDSHPGRPLRHQPILAGRQHR
KJS38424.1,Rhodospirillaceae bacterium BRH_c57,LAEA01000142.1,17360,17630,+,VRRVAQPMGPSQLPPPSRVVIVGSRALICLSRAREALCCWKTELHPTILGRRATISRAMAPTKSLAMSRTGPRRSGTSSSPISRLRVVR
KJS38424.1,Rhodospirillaceae bacterium BRH_c57,LAEA01000142.1,17381,17630,+,MGPSQLPPPSRVVIVGSRALICLSRAREALCCWKTELHPTILGRRATISRAMAPTKSLAMSRTGPRRSGTSSSPISRLRVVR
KJS38424.1,Rhodospirillaceae bacterium BRH_c57,LAEA01000142.1,17394,16965,-,VKAPWAGRPCAPVPSSITWSRARLTPCCPRCAGGSSPRPPTCHRTPCRRACSAAPTGRPRPRQRAPACLPACRHWSASRRPTTSPISRPWSGLPTAGTSFPASPSKPRAGAGGGRSTTARSAASRHRAYGSARKDPRWSAQR
KJS38424.1,Rhodospirillaceae bacterium BRH_c57,LAEA01000142.1,17396,17630,+,LPPPSRVVIVGSRALICLSRAREALCCWKTELHPTILGRRATISRAMAPTKSLAMSRTGPRRSGTSSSPISRLRVVR
KJS38424.1,Rhodospirillaceae bacterium BRH_c57,LAEA01000142.1,17414,17630,+,VVIVGSRALICLSRAREALCCWKTELHPTILGRRATISRAMAPTKSLAMSRTGPRRSGTSSSPISRLRVVR
KJS38424.1,Rhodospirillaceae bacterium BRH_c57,LAEA01000142.1,17417,17630,+,VIVGSRALICLSRAREALCCWKTELHPTILGRRATISRAMAPTKSLAMSRTGPRRSGTSSSPISRLRVVR
KJS38424.1,Rhodospirillaceae bacterium BRH_c57,LAEA01000142.1,17433,16965,-,LIRRSPPCWAEATVKAPWAGRPCAPVPSSITWSRARLTPCCPRCAGGSSPRPPTCHRTPCRRACSAAPTGRPRPRQRAPACLPACRHWSASRRPTTSPISRPWSGLPTAGTSFPASPSKPRAGAGGGRSTTARSAASRHRAYGSARKDPRWSAQR
KJS38424.1,Rhodospirillaceae bacterium BRH_c57,LAEA01000142.1,17438,17630,+,LICLSRAREALCCWKTELHPTILGRRATISRAMAPTKSLAMSRTGPRRSGTSSSPISRLRVVR
KJS38424.1,Rhodospirillaceae bacterium BRH_c57,LAEA01000142.1,17468,17630,+,LCCWKTELHPTILGRRATISRAMAPTKSLAMSRTGPRRSGTSSSPISRLRVVR
KJS38424.1,Rhodospirillaceae bacterium BRH_c57,LAEA01000142.1,17534,17630,+,MAPTKSLAMSRTGPRRSGTSSSPISRLRVVR
KJS38424.1,Rhodospirillaceae bacterium BRH_c57,LAEA01000142.1,17681,17429,-,MDLRRCGVPGRRPRRGGLPDHPEPRDGARRRARTPGSRAGHRQGFRRRHGPRDRRPPPQDRRMQLSFPTAQRLPRPAEADQGP
KJS38424.1,Rhodospirillaceae bacterium BRH_c57,LAEA01000142.1,17708,17852,+,VLMDSYPISPIRSAKRTLAWTASAPRPAARSPAQSEPSAKDGRSTDA
KJS38424.1,Rhodospirillaceae bacterium BRH_c57,LAEA01000142.1,17711,17852,+,LMDSYPISPIRSAKRTLAWTASAPRPAARSPAQSEPSAKDGRSTDA
KJS38424.1,Rhodospirillaceae bacterium BRH_c57,LAEA01000142.1,17714,17852,+,MDSYPISPIRSAKRTLAWTASAPRPAARSPAQSEPSAKDGRSTDA
KJS38424.1,Rhodospirillaceae bacterium BRH_c57,LAEA01000142.1,17764,17896,+,MDGLGAQTGGTEPGAERAERQGRPFHGRIGHRNQQDVGVDGSV
KJS38424.1,Rhodospirillaceae bacterium BRH_c57,LAEA01000142.1,17850,17730,-,MRPWNGRPWRSARSAPGSVPPVWAPRPSMPMCALPTGSG
KJS38424.1,Rhodospirillaceae bacterium BRH_c57,LAEA01000142.1,17862,17730,-,LRCPMRPWNGRPWRSARSAPGSVPPVWAPRPSMPMCALPTGSG
KJS38424.1,Rhodospirillaceae bacterium BRH_c57,LAEA01000142.1,17916,17730,-,MQVHILGHTDPSTPTSCWLRCPMRPWNGRPWRSARSAPGSVPPVWAPRPSMPMCALPTGSG
KJS38424.1,Rhodospirillaceae bacterium BRH_c57,LAEA01000142.1,18372,17934,-,MAAPAPASRRDLEARIIANAWRDPKYKEALLKDPKAVLESELRKIDPTISLPDTLKVQVHEEAADTFHLVLPRDPRDVKLSDVLSDDQLEAVAPQTIAVVVAVVGIGVVAGNTLGVVNNVGAGNAVAAGNVATTGNAVANTNVIA
KJS38424.1,Rhodospirillaceae bacterium BRH_c57,LAEA01000142.1,18426,18657,+,MKTPPDRVVNRSLADRGAVRHGVAGGCHVAHGHGIPGANVVDGAQRVGDDDTEGGDDDGDGLRGDGLKLIVGHDVG
KJS38424.1,Rhodospirillaceae bacterium BRH_c57,LAEA01000142.1,18450,18657,+,VNRSLADRGAVRHGVAGGCHVAHGHGIPGANVVDGAQRVGDDDTEGGDDDGDGLRGDGLKLIVGHDVG
KJS38424.1,Rhodospirillaceae bacterium BRH_c57,LAEA01000142.1,18475,18634,+,VLFATALPVVATLPTVTAFPAPTLLTAPSVLATTTPRAATTTAMVCGATASS
KJS38424.1,Rhodospirillaceae bacterium BRH_c57,LAEA01000142.1,18493,18634,+,LPVVATLPTVTAFPAPTLLTAPSVLATTTPRAATTTAMVCGATASS
KJS38424.1,Rhodospirillaceae bacterium BRH_c57,LAEA01000142.1,18499,18634,+,VVATLPTVTAFPAPTLLTAPSVLATTTPRAATTTAMVCGATASS
KJS38424.1,Rhodospirillaceae bacterium BRH_c57,LAEA01000142.1,18511,18634,+,LPTVTAFPAPTLLTAPSVLATTTPRAATTTAMVCGATASS
KJS38424.1,Rhodospirillaceae bacterium BRH_c57,LAEA01000142.1,18629,18521,-,LRPSPRRPSPSSSPPSVSSSPTRWAPSTTLAPGMP
KJS38424.1,Rhodospirillaceae bacterium BRH_c57,LAEA01000142.1,18645,18462,-,VPDDQLEAVAPQTIAVVVAALGVVVANTLGAVNNVGAGNAVTVGNVATTGNAVANSTSVS
KJS38424.1,Rhodospirillaceae bacterium BRH_c57,LAEA01000142.1,18646,18919,+,MSDSLRSRGSRGRTRWKVSAASSWTCTFRVSGSEILGSILRSSLSRTAFGSLSSASLYFGLRQALAMMRASRSRREAGAGVAITKILSGC
KJS38424.1,Rhodospirillaceae bacterium BRH_c57,LAEA01000142.1,18658,18919,+,LRSRGSRGRTRWKVSAASSWTCTFRVSGSEILGSILRSSLSRTAFGSLSSASLYFGLRQALAMMRASRSRREAGAGVAITKILSGC
KJS38424.1,Rhodospirillaceae bacterium BRH_c57,LAEA01000142.1,18689,18521,-,LSCRAIPATSSYPTSCPTISLRPSPRRPSPSSSPPSVSSSPTRWAPSTTLAPGMP
KJS38424.1,Rhodospirillaceae bacterium BRH_c57,LAEA01000142.1,18697,18919,+,VSAASSWTCTFRVSGSEILGSILRSSLSRTAFGSLSSASLYFGLRQALAMMRASRSRREAGAGVAITKILSGC
KJS38424.1,Rhodospirillaceae bacterium BRH_c57,LAEA01000142.1,18726,18462,-,VQVHEEAADTFHLVLPRDPRDLKLSDIVPDDQLEAVAPQTIAVVVAALGVVVANTLGAVNNVGAGNAVTVGNVATTGNAVANSTSVS
KJS38424.1,Rhodospirillaceae bacterium BRH_c57,LAEA01000142.1,18733,18919,+,VSGSEILGSILRSSLSRTAFGSLSSASLYFGLRQALAMMRASRSRREAGAGVAITKILSGC
KJS38424.1,Rhodospirillaceae bacterium BRH_c57,LAEA01000142.1,18751,18919,+,LGSILRSSLSRTAFGSLSSASLYFGLRQALAMMRASRSRREAGAGVAITKILSGC
KJS38424.1,Rhodospirillaceae bacterium BRH_c57,LAEA01000142.1,18763,18919,+,LRSSLSRTAFGSLSSASLYFGLRQALAMMRASRSRREAGAGVAITKILSGC
KJS38424.1,Rhodospirillaceae bacterium BRH_c57,LAEA01000142.1,18799,18919,+,LSSASLYFGLRQALAMMRASRSRREAGAGVAITKILSGC
KJS38424.1,Rhodospirillaceae bacterium BRH_c57,LAEA01000142.1,18814,18919,+,LYFGLRQALAMMRASRSRREAGAGVAITKILSGC
KJS38424.1,Rhodospirillaceae bacterium BRH_c57,LAEA01000142.1,18894,18462,-,MATPAPASRRDLEARIIANAWRNPKYKEALLKDPKAVLESELRKIDPKISLPDTLKVQVHEEAADTFHLVLPRDPRDLKLSDIVPDDQLEAVAPQTIAVVVAALGVVVANTLGAVNNVGAGNAVTVGNVATTGNAVANSTSVS
KJS38424.1,Rhodospirillaceae bacterium BRH_c57,LAEA01000142.1,19322,19538,+,LVAMWCILSHWCVSPMTESDGGGRCHGRRQSRLRGQAGENSSFKDGFRSAALGSSAGRDGFDSSVRPPANR
KJS38424.1,Rhodospirillaceae bacterium BRH_c57,LAEA01000142.1,19331,19538,+,MWCILSHWCVSPMTESDGGGRCHGRRQSRLRGQAGENSSFKDGFRSAALGSSAGRDGFDSSVRPPANR
KJS38424.1,Rhodospirillaceae bacterium BRH_c57,LAEA01000142.1,19333,18946,-,MATKTAASRRDLEARVIANAWRDPKYKKALLKDPKAVLESELRKIDPTISLPDTLKVQVHEEAADTFHLVLPRDPRDVKLSDVLSDDQLEAVAPQTIAVVTNGVGVCAVVTGPVTIAYPTNVVTCVVA
KJS38424.1,Rhodospirillaceae bacterium BRH_c57,LAEA01000142.1,19358,19538,+,VSPMTESDGGGRCHGRRQSRLRGQAGENSSFKDGFRSAALGSSAGRDGFDSSVRPPANR
KJS38424.1,Rhodospirillaceae bacterium BRH_c57,LAEA01000142.1,19367,19538,+,MTESDGGGRCHGRRQSRLRGQAGENSSFKDGFRSAALGSSAGRDGFDSSVRPPANR
KJS38424.1,Rhodospirillaceae bacterium BRH_c57,LAEA01000142.1,19377,19608,+,VTAGGVATGDGSRGCVVKPGKTARSRTGSGPLRSDPRQDAMALTAASGRRRTGETACREWALHPAPRRGNCPEAGE
KJS38424.1,Rhodospirillaceae bacterium BRH_c57,LAEA01000142.1,19393,19507,+,LPRATAVAAAWSSRGKQLVQGRVQVRCARILGRTRWL
KJS38424.1,Rhodospirillaceae bacterium BRH_c57,LAEA01000142.1,19422,19608,+,VVKPGKTARSRTGSGPLRSDPRQDAMALTAASGRRRTGETACREWALHPAPRRGNCPEAGE
KJS38424.1,Rhodospirillaceae bacterium BRH_c57,LAEA01000142.1,19497,19608,+,MALTAASGRRRTGETACREWALHPAPRRGNCPEAGE
KJS38424.1,Rhodospirillaceae bacterium BRH_c57,LAEA01000142.1,19503,19608,+,LTAASGRRRTGETACREWALHPAPRRGNCPEAGE
KJS38424.1,Rhodospirillaceae bacterium BRH_c57,LAEA01000142.1,19534,20341,+,VKRHVGNGLFIQRHAEVTVPKPENEVALQQVRQGVPQAILVAGEALVGQSRDECGEPVGAVAGLAHSGVVRGQPIVRFLGDGARVPDPGAVVVGGHQQDGRVGPDGGEHAVLAVKEPVRPFHNLLFEALRFRPLAADVPEEIGVVGQVLATERIGPDVAFIGHQFEAEFVGAVEIGAEAVESDRGDGLVGRWLQVGDRRQPVGHLVVPFLPVPRCGAQVVPDDPDAIDARPFEQLDIDCRRHPLVEKAEQVVVQGLDAGLNPPHAGAG
KJS38424.1,Rhodospirillaceae bacterium BRH_c57,LAEA01000142.1,19546,19426,-,MPFHLFAGGLTLLSKPSRPAEDPSAADLNPSLNELFSPA
KJS38424.1,Rhodospirillaceae bacterium BRH_c57,LAEA01000142.1,19576,19426,-,VALDEEPIPYMPFHLFAGGLTLLSKPSRPAEDPSAADLNPSLNELFSPA
KJS38424.1,Rhodospirillaceae bacterium BRH_c57,LAEA01000142.1,19604,19745,+,MRWRSSRSAKVFRRRSSSQGKPWSASRAMSVGNRLALSQAWHTAVW
KJS38424.1,Rhodospirillaceae bacterium BRH_c57,LAEA01000142.1,19609,20341,+,VALQQVRQGVPQAILVAGEALVGQSRDECGEPVGAVAGLAHSGVVRGQPIVRFLGDGARVPDPGAVVVGGHQQDGRVGPDGGEHAVLAVKEPVRPFHNLLFEALRFRPLAADVPEEIGVVGQVLATERIGPDVAFIGHQFEAEFVGAVEIGAEAVESDRGDGLVGRWLQVGDRRQPVGHLVVPFLPVPRCGAQVVPDDPDAIDARPFEQLDIDCRRHPLVEKAEQVVVQGLDAGLNPPHAGAG
KJS38424.1,Rhodospirillaceae bacterium BRH_c57,LAEA01000142.1,19633,19426,-,LADLLERHLILRLRDSYLCVALDEEPIPYMPFHLFAGGLTLLSKPSRPAEDPSAADLNPSLNELFSPA
KJS38424.1,Rhodospirillaceae bacterium BRH_c57,LAEA01000142.1,19634,19745,+,VFRRRSSSQGKPWSASRAMSVGNRLALSQAWHTAVW
KJS38424.1,Rhodospirillaceae bacterium BRH_c57,LAEA01000142.1,19692,19914,+,VWGTGWRCRRLGTQRCGKGTADSPFPGRWGACPGSRRRRRRRSSTGWARRTGWRGTRRAGGQRTRSTIPQPSV
KJS38424.1,Rhodospirillaceae bacterium BRH_c57,LAEA01000142.1,19723,20341,+,LAHSGVVRGQPIVRFLGDGARVPDPGAVVVGGHQQDGRVGPDGGEHAVLAVKEPVRPFHNLLFEALRFRPLAADVPEEIGVVGQVLATERIGPDVAFIGHQFEAEFVGAVEIGAEAVESDRGDGLVGRWLQVGDRRQPVGHLVVPFLPVPRCGAQVVPDDPDAIDARPFEQLDIDCRRHPLVEKAEQVVVQGLDAGLNPPHAGAG
KJS38424.1,Rhodospirillaceae bacterium BRH_c57,LAEA01000142.1,19730,19562,-,VPSLRQRQPVPHTHRATGRPGLPLRRGSPAEHLGGPAGAPPHSPASGQLPLRGAG
KJS38424.1,Rhodospirillaceae bacterium BRH_c57,LAEA01000142.1,19732,19426,-,VCQACDSANRFPTLIARLADQGFPCDEDRLRNTLADLLERHLILRLRDSYLCVALDEEPIPYMPFHLFAGGLTLLSKPSRPAEDPSAADLNPSLNELFSPA
KJS38424.1,Rhodospirillaceae bacterium BRH_c57,LAEA01000142.1,19738,20341,+,VVRGQPIVRFLGDGARVPDPGAVVVGGHQQDGRVGPDGGEHAVLAVKEPVRPFHNLLFEALRFRPLAADVPEEIGVVGQVLATERIGPDVAFIGHQFEAEFVGAVEIGAEAVESDRGDGLVGRWLQVGDRRQPVGHLVVPFLPVPRCGAQVVPDDPDAIDARPFEQLDIDCRRHPLVEKAEQVVVQGLDAGLNPPHAGAG
KJS38424.1,Rhodospirillaceae bacterium BRH_c57,LAEA01000142.1,19775,19961,+,MGRVSRIQAPSSSAVINRMGASDRMAGNTPCWRSKNPFDHSTTFCLRRCGSDLWRPTSRKK
KJS38424.1,Rhodospirillaceae bacterium BRH_c57,LAEA01000142.1,19784,19961,+,VSRIQAPSSSAVINRMGASDRMAGNTPCWRSKNPFDHSTTFCLRRCGSDLWRPTSRKK
KJS38424.1,Rhodospirillaceae bacterium BRH_c57,LAEA01000142.1,19822,19426,-,MTADDDGAWIRDTRPIAQETDYRLSPYHTAVCQACDSANRFPTLIARLADQGFPCDEDRLRNTLADLLERHLILRLRDSYLCVALDEEPIPYMPFHLFAGGLTLLSKPSRPAEDPSAADLNPSLNELFSPA
KJS38424.1,Rhodospirillaceae bacterium BRH_c57,LAEA01000142.1,19825,19426,-,LMTADDDGAWIRDTRPIAQETDYRLSPYHTAVCQACDSANRFPTLIARLADQGFPCDEDRLRNTLADLLERHLILRLRDSYLCVALDEEPIPYMPFHLFAGGLTLLSKPSRPAEDPSAADLNPSLNELFSPA
KJS38424.1,Rhodospirillaceae bacterium BRH_c57,LAEA01000142.1,19829,19961,+,MGASDRMAGNTPCWRSKNPFDHSTTFCLRRCGSDLWRPTSRKK
KJS38424.1,Rhodospirillaceae bacterium BRH_c57,LAEA01000142.1,19847,19961,+,MAGNTPCWRSKNPFDHSTTFCLRRCGSDLWRPTSRKK
KJS38424.1,Rhodospirillaceae bacterium BRH_c57,LAEA01000142.1,19861,19426,-,VFPAIRSDAPILLMTADDDGAWIRDTRPIAQETDYRLSPYHTAVCQACDSANRFPTLIARLADQGFPCDEDRLRNTLADLLERHLILRLRDSYLCVALDEEPIPYMPFHLFAGGLTLLSKPSRPAEDPSAADLNPSLNELFSPA
KJS38424.1,Rhodospirillaceae bacterium BRH_c57,LAEA01000142.1,19864,20341,+,VLAVKEPVRPFHNLLFEALRFRPLAADVPEEIGVVGQVLATERIGPDVAFIGHQFEAEFVGAVEIGAEAVESDRGDGLVGRWLQVGDRRQPVGHLVVPFLPVPRCGAQVVPDDPDAIDARPFEQLDIDCRRHPLVEKAEQVVVQGLDAGLNPPHAGAG
KJS38424.1,Rhodospirillaceae bacterium BRH_c57,LAEA01000142.1,19900,19426,-,VEWSNGFFDRQHGVFPAIRSDAPILLMTADDDGAWIRDTRPIAQETDYRLSPYHTAVCQACDSANRFPTLIARLADQGFPCDEDRLRNTLADLLERHLILRLRDSYLCVALDEEPIPYMPFHLFAGGLTLLSKPSRPAEDPSAADLNPSLNELFSPA
KJS38424.1,Rhodospirillaceae bacterium BRH_c57,LAEA01000142.1,19918,20341,+,LRFRPLAADVPEEIGVVGQVLATERIGPDVAFIGHQFEAEFVGAVEIGAEAVESDRGDGLVGRWLQVGDRRQPVGHLVVPFLPVPRCGAQVVPDDPDAIDARPFEQLDIDCRRHPLVEKAEQVVVQGLDAGLNPPHAGAG
KJS38424.1,Rhodospirillaceae bacterium BRH_c57,LAEA01000142.1,19933,20341,+,LAADVPEEIGVVGQVLATERIGPDVAFIGHQFEAEFVGAVEIGAEAVESDRGDGLVGRWLQVGDRRQPVGHLVVPFLPVPRCGAQVVPDDPDAIDARPFEQLDIDCRRHPLVEKAEQVVVQGLDAGLNPPHAGAG
KJS38424.1,Rhodospirillaceae bacterium BRH_c57,LAEA01000142.1,19963,20341,+,VVGQVLATERIGPDVAFIGHQFEAEFVGAVEIGAEAVESDRGDGLVGRWLQVGDRRQPVGHLVVPFLPVPRCGAQVVPDDPDAIDARPFEQLDIDCRRHPLVEKAEQVVVQGLDAGLNPPHAGAG
KJS38424.1,Rhodospirillaceae bacterium BRH_c57,LAEA01000142.1,19975,20341,+,VLATERIGPDVAFIGHQFEAEFVGAVEIGAEAVESDRGDGLVGRWLQVGDRRQPVGHLVVPFLPVPRCGAQVVPDDPDAIDARPFEQLDIDCRRHPLVEKAEQVVVQGLDAGLNPPHAGAG
KJS38424.1,Rhodospirillaceae bacterium BRH_c57,LAEA01000142.1,19986,19821,-,VASTWPTTPISSGTSAAKGRNRNASNRRLWNGRTGSLTASTACSPPSGPTRPSC
KJS38424.1,Rhodospirillaceae bacterium BRH_c57,LAEA01000142.1,20016,19821,-,MKATSGPIRSVASTWPTTPISSGTSAAKGRNRNASNRRLWNGRTGSLTASTACSPPSGPTRPSC
KJS38424.1,Rhodospirillaceae bacterium BRH_c57,LAEA01000142.1,20023,19426,-,VPYESYVWAYPLSGEHLADHAYFFRDVGRQRSEPQRLKQKVVEWSNGFFDRQHGVFPAIRSDAPILLMTADDDGAWIRDTRPIAQETDYRLSPYHTAVCQACDSANRFPTLIARLADQGFPCDEDRLRNTLADLLERHLILRLRDSYLCVALDEEPIPYMPFHLFAGGLTLLSKPSRPAEDPSAADLNPSLNELFSPA
KJS38424.1,Rhodospirillaceae bacterium BRH_c57,LAEA01000142.1,20090,20216,+,MDWLAGGCRWEIAGSQSATSSYHSSRSPGAALRWFQMTQTP
KJS38424.1,Rhodospirillaceae bacterium BRH_c57,LAEA01000142.1,20099,20216,+,LAGGCRWEIAGSQSATSSYHSSRSPGAALRWFQMTQTP
KJS38424.1,Rhodospirillaceae bacterium BRH_c57,LAEA01000142.1,20106,20202,+,VVAGGRSPAASRPPRRTIPPGPPVRRSGGSR
KJS38424.1,Rhodospirillaceae bacterium BRH_c57,LAEA01000142.1,20110,20341,+,LQVGDRRQPVGHLVVPFLPVPRCGAQVVPDDPDAIDARPFEQLDIDCRRHPLVEKAEQVVVQGLDAGLNPPHAGAG
KJS38424.1,Rhodospirillaceae bacterium BRH_c57,LAEA01000142.1,20116,20341,+,VGDRRQPVGHLVVPFLPVPRCGAQVVPDDPDAIDARPFEQLDIDCRRHPLVEKAEQVVVQGLDAGLNPPHAGAG
KJS38424.1,Rhodospirillaceae bacterium BRH_c57,LAEA01000142.1,20146,19426,-,VADWLPAISHLQPPANQSIAPIRFDRFSPYFDRADEFGLELVPYESYVWAYPLSGEHLADHAYFFRDVGRQRSEPQRLKQKVVEWSNGFFDRQHGVFPAIRSDAPILLMTADDDGAWIRDTRPIAQETDYRLSPYHTAVCQACDSANRFPTLIARLADQGFPCDEDRLRNTLADLLERHLILRLRDSYLCVALDEEPIPYMPFHLFAGGLTLLSKPSRPAEDPSAADLNPSLNELFSPA
KJS38424.1,Rhodospirillaceae bacterium BRH_c57,LAEA01000142.1,20159,20012,-,MVRRGGRLAAGDLPPATTGQPVHRPYPIRPLQPLFRPRRRIRPRTGAL
KJS38424.1,Rhodospirillaceae bacterium BRH_c57,LAEA01000142.1,20188,20341,+,VVPDDPDAIDARPFEQLDIDCRRHPLVEKAEQVVVQGLDAGLNPPHAGAG
KJS38424.1,Rhodospirillaceae bacterium BRH_c57,LAEA01000142.1,20216,20315,+,MRAHLSNWTLIAADTPLLRRRSRSSCRASMPG
KJS38424.1,Rhodospirillaceae bacterium BRH_c57,LAEA01000142.1,20228,20012,-,MGAHLWRLGHLEPPERRTGGPGGMVRRGGRLAAGDLPPATTGQPVHRPYPIRPLQPLFRPRRRIRPRTGAL
KJS38424.1,Rhodospirillaceae bacterium BRH_c57,LAEA01000142.1,20236,19426,-,LLKWARIYGVWVIWNHLSAAPGDREEWYDEVADWLPAISHLQPPANQSIAPIRFDRFSPYFDRADEFGLELVPYESYVWAYPLSGEHLADHAYFFRDVGRQRSEPQRLKQKVVEWSNGFFDRQHGVFPAIRSDAPILLMTADDDGAWIRDTRPIAQETDYRLSPYHTAVCQACDSANRFPTLIARLADQGFPCDEDRLRNTLADLLERHLILRLRDSYLCVALDEEPIPYMPFHLFAGGLTLLSKPSRPAEDPSAADLNPSLNELFSPA
KJS38424.1,Rhodospirillaceae bacterium BRH_c57,LAEA01000142.1,20260,19426,-,VSAAINVQLLKWARIYGVWVIWNHLSAAPGDREEWYDEVADWLPAISHLQPPANQSIAPIRFDRFSPYFDRADEFGLELVPYESYVWAYPLSGEHLADHAYFFRDVGRQRSEPQRLKQKVVEWSNGFFDRQHGVFPAIRSDAPILLMTADDDGAWIRDTRPIAQETDYRLSPYHTAVCQACDSANRFPTLIARLADQGFPCDEDRLRNTLADLLERHLILRLRDSYLCVALDEEPIPYMPFHLFAGGLTLLSKPSRPAEDPSAADLNPSLNELFSPA
KJS38424.1,Rhodospirillaceae bacterium BRH_c57,LAEA01000142.1,20321,20012,-,VGSTRHRGPARRPAPPSQQGGVGGNQCPVAQMGAHLWRLGHLEPPERRTGGPGGMVRRGGRLAAGDLPPATTGQPVHRPYPIRPLQPLFRPRRRIRPRTGAL
KJS38424.1,Rhodospirillaceae bacterium BRH_c57,LAEA01000142.1,20326,19426,-,VRWVQPGIEALHDDLLRLLNKGVSAAINVQLLKWARIYGVWVIWNHLSAAPGDREEWYDEVADWLPAISHLQPPANQSIAPIRFDRFSPYFDRADEFGLELVPYESYVWAYPLSGEHLADHAYFFRDVGRQRSEPQRLKQKVVEWSNGFFDRQHGVFPAIRSDAPILLMTADDDGAWIRDTRPIAQETDYRLSPYHTAVCQACDSANRFPTLIARLADQGFPCDEDRLRNTLADLLERHLILRLRDSYLCVALDEEPIPYMPFHLFAGGLTLLSKPSRPAEDPSAADLNPSLNELFSPA
KJS38424.1,Rhodospirillaceae bacterium BRH_c57,LAEA01000142.1,20395,20662,+,VVGLGEGRQHGVEVLVVQNVVDGHELGQAVGLAQRGDFRQGARGRFGPERHPLAVEATEGAVVFFPPPASPRRFYRQGGQDVVPDAQA
KJS38424.1,Rhodospirillaceae bacterium BRH_c57,LAEA01000142.1,20488,20662,+,LAQRGDFRQGARGRFGPERHPLAVEATEGAVVFFPPPASPRRFYRQGGQDVVPDAQA
KJS38424.1,Rhodospirillaceae bacterium BRH_c57,LAEA01000142.1,20498,20642,+,VVISDRARVADLARNVIPWPLRPQKVQWCFSPHQHPRDVSIGRAGRM
KJS38424.1,Rhodospirillaceae bacterium BRH_c57,LAEA01000142.1,20501,20642,+,VISDRARVADLARNVIPWPLRPQKVQWCFSPHQHPRDVSIGRAGRM
KJS38424.1,Rhodospirillaceae bacterium BRH_c57,LAEA01000142.1,20522,20642,+,VADLARNVIPWPLRPQKVQWCFSPHQHPRDVSIGRAGRM
KJS38424.1,Rhodospirillaceae bacterium BRH_c57,LAEA01000142.1,20531,20642,+,LARNVIPWPLRPQKVQWCFSPHQHPRDVSIGRAGRM
KJS38424.1,Rhodospirillaceae bacterium BRH_c57,LAEA01000142.1,20597,20012,-,VGGKTPLHLLWPQRPGDDVPGQIGHARPVGNHHVGPNLRPDQVHDRRQHSGQQVLRRHAAGPRRGRPRNVLLRNQGQPAPGSRPGVIPRPRAVGSTRHRGPARRPAPPSQQGGVGGNQCPVAQMGAHLWRLGHLEPPERRTGGPGGMVRRGGRLAAGDLPPATTGQPVHRPYPIRPLQPLFRPRRRIRPRTGAL
KJS38424.1,Rhodospirillaceae bacterium BRH_c57,LAEA01000142.1,20603,20012,-,MLVGGKTPLHLLWPQRPGDDVPGQIGHARPVGNHHVGPNLRPDQVHDRRQHSGQQVLRRHAAGPRRGRPRNVLLRNQGQPAPGSRPGVIPRPRAVGSTRHRGPARRPAPPSQQGGVGGNQCPVAQMGAHLWRLGHLEPPERRTGGPGGMVRRGGRLAAGDLPPATTGQPVHRPYPIRPLQPLFRPRRRIRPRTGAL
KJS38424.1,Rhodospirillaceae bacterium BRH_c57,LAEA01000142.1,20658,20988,+,MTGVRSSPRRPGWGGRRDRGPPRAVPPPPPPPPPSPSPPLAPPSPSGTPARARRRAAVRRERRVPIQRYPGKGAAAACRLRRRPRNRPTDEADGSSPPSPPRSWRRPSW
KJS38424.1,Rhodospirillaceae bacterium BRH_c57,LAEA01000142.1,20660,20012,-,MPGHQGLHPARPADRNVAGMLVGGKTPLHLLWPQRPGDDVPGQIGHARPVGNHHVGPNLRPDQVHDRRQHSGQQVLRRHAAGPRRGRPRNVLLRNQGQPAPGSRPGVIPRPRAVGSTRHRGPARRPAPPSQQGGVGGNQCPVAQMGAHLWRLGHLEPPERRTGGPGGMVRRGGRLAAGDLPPATTGQPVHRPYPIRPLQPLFRPRRRIRPRTGAL
KJS38424.1,Rhodospirillaceae bacterium BRH_c57,LAEA01000142.1,20693,20930,+,MGRSSRSWTTARGAAAAAAAAPFAVPAPGPAISIRDAGPRTEAGSRSTGTSGPHSKISRQRCGSSMSASPETTKSTHG
KJS38424.1,Rhodospirillaceae bacterium BRH_c57,LAEA01000142.1,20713,21244,+,VDHRARCRRRRRRRPLRRPRPWPRHLHPGRRPAHGGGQPFDGNVGSPFKDIPAKVRQQHVGFAGDHEIDPRMKPMGRRPHLPLAVGAAHHGDDVGGQFLDPAQQGEGRAVLLKDRAAPDNDGVQPQDLGGHVVDQVPGQAARRDQPVEVAFIRGLGLVKGLEQGGRRGPLDAIGAF
KJS38424.1,Rhodospirillaceae bacterium BRH_c57,LAEA01000142.1,20730,20988,+,VPPPPPPPPPSPSPPLAPPSPSGTPARARRRAAVRRERRVPIQRYPGKGAAAACRLRRRPRNRPTDEADGSSPPSPPRSWRRPSW
KJS38424.1,Rhodospirillaceae bacterium BRH_c57,LAEA01000142.1,20855,20012,-,MGTRRSRRTAARLRARAGVPDGDGGARGGDGEGGGGGGGGGTARGGPRSRRPPHPGLRGLLRTPVMPGHQGLHPARPADRNVAGMLVGGKTPLHLLWPQRPGDDVPGQIGHARPVGNHHVGPNLRPDQVHDRRQHSGQQVLRRHAAGPRRGRPRNVLLRNQGQPAPGSRPGVIPRPRAVGSTRHRGPARRPAPPSQQGGVGGNQCPVAQMGAHLWRLGHLEPPERRTGGPGGMVRRGGRLAAGDLPPATTGQPVHRPYPIRPLQPLFRPRRRIRPRTGAL
KJS38424.1,Rhodospirillaceae bacterium BRH_c57,LAEA01000142.1,20859,20616,-,LNGDPTFPSNGCPPPCAGRRPGWRWRGQGRGRRRGRRRRRRRHRARWSTISTTSPSRPTRTTSNACHAWASGTTSCPPCR
KJS38424.1,Rhodospirillaceae bacterium BRH_c57,LAEA01000142.1,20875,21244,+,VRQQHVGFAGDHEIDPRMKPMGRRPHLPLAVGAAHHGDDVGGQFLDPAQQGEGRAVLLKDRAAPDNDGVQPQDLGGHVVDQVPGQAARRDQPVEVAFIRGLGLVKGLEQGGRRGPLDAIGAF
KJS38424.1,Rhodospirillaceae bacterium BRH_c57,LAEA01000142.1,20926,21244,+,MKPMGRRPHLPLAVGAAHHGDDVGGQFLDPAQQGEGRAVLLKDRAAPDNDGVQPQDLGGHVVDQVPGQAARRDQPVEVAFIRGLGLVKGLEQGGRRGPLDAIGAF
KJS38424.1,Rhodospirillaceae bacterium BRH_c57,LAEA01000142.1,20935,21244,+,MGRRPHLPLAVGAAHHGDDVGGQFLDPAQQGEGRAVLLKDRAAPDNDGVQPQDLGGHVVDQVPGQAARRDQPVEVAFIRGLGLVKGLEQGGRRGPLDAIGAF
KJS38424.1,Rhodospirillaceae bacterium BRH_c57,LAEA01000142.1,21040,21244,+,VLLKDRAAPDNDGVQPQDLGGHVVDQVPGQAARRDQPVEVAFIRGLGLVKGLEQGGRRGPLDAIGAF
KJS38424.1,Rhodospirillaceae bacterium BRH_c57,LAEA01000142.1,21043,21244,+,LLKDRAAPDNDGVQPQDLGGHVVDQVPGQAARRDQPVEVAFIRGLGLVKGLEQGGRRGPLDAIGAF
KJS38424.1,Rhodospirillaceae bacterium BRH_c57,LAEA01000142.1,21065,20855,-,VQLGLSATLRVPRPAAQDQGIGPRRHHHDGRRQLRGGDGGDDPSASSVGRFRGLRRSRHAAAAPLPGYL
KJS38424.1,Rhodospirillaceae bacterium BRH_c57,LAEA01000142.1,21071,21188,+,MTGCSRRISAAMSSIRSLARRRDVTSPWRWLSSGGSVL
KJS38424.1,Rhodospirillaceae bacterium BRH_c57,LAEA01000142.1,21079,21244,+,VQPQDLGGHVVDQVPGQAARRDQPVEVAFIRGLGLVKGLEQGGRRGPLDAIGAF
KJS38424.1,Rhodospirillaceae bacterium BRH_c57,LAEA01000142.1,21262,21403,+,LQGDVGGVEAHVCGKTDLLGKGEVSVDRAGRDAFPAQTCRQGSQRD
KJS38424.1,Rhodospirillaceae bacterium BRH_c57,LAEA01000142.1,21306,21114,-,LPHTWASTPPTSPCNWGNGSSQNAPIASRGPLRPPCSRPFTRPSPRMKATSTGWSRRAAWPGT
KJS38424.1,Rhodospirillaceae bacterium BRH_c57,LAEA01000142.1,21324,21114,-,LPSRSVLPHTWASTPPTSPCNWGNGSSQNAPIASRGPLRPPCSRPFTRPSPRMKATSTGWSRRAAWPGT
KJS38424.1,Rhodospirillaceae bacterium BRH_c57,LAEA01000142.1,21375,21498,+,MPTRFPTRLKDAQAPRKALLQMQPGPCFPPPLEGLHPVAL
KJS38424.1,Rhodospirillaceae bacterium BRH_c57,LAEA01000142.1,21377,21164,-,MSAPGRHHDQHGLRKPRLCRADRSCRIRGLRHLRHHLATGGMGLLRMRLSRRGDLSGRLVQGPLQDRAPG
KJS38424.1,Rhodospirillaceae bacterium BRH_c57,LAEA01000142.1,21399,21498,+,LKDAQAPRKALLQMQPGPCFPPPLEGLHPVAL
KJS38424.1,Rhodospirillaceae bacterium BRH_c57,LAEA01000142.1,21414,21114,-,LSVLQSRWEPCRHVCAGKASRPARSTETSPLPSRSVLPHTWASTPPTSPCNWGNGSSQNAPIASRGPLRPPCSRPFTRPSPRMKATSTGWSRRAAWPGT
KJS38424.1,Rhodospirillaceae bacterium BRH_c57,LAEA01000142.1,21612,21429,-,LRNNLHWGRWCCVRFASYECCRGKWGTCSRLMILPNTPLKGDGMQSFQGWGEAWSRLHLQ
KJS38424.1,Rhodospirillaceae bacterium BRH_c57,LAEA01000142.1,21628,21733,+,MCDFSGRATYPHGDALAGRRGQGTHLYRGPEGHP
KJS38424.1,Rhodospirillaceae bacterium BRH_c57,LAEA01000142.1,21703,21586,-,VRSLPPPSGQRIPMRVRRAPGKVTHLLVLVLAQQSALG
KJS38424.1,Rhodospirillaceae bacterium BRH_c57,LAEA01000142.1,21727,21586,-,VPLRSTVQVRSLPPPSGQRIPMRVRRAPGKVTHLLVLVLAQQSALG
KJS38424.1,Rhodospirillaceae bacterium BRH_c57,LAEA01000142.1,21731,21572,-,MGAPPVHGTGAFPAPSFRPAHPHEGTSRARKSHTSFSFSSCATICIGVDGVV
KJS38424.1,Rhodospirillaceae bacterium BRH_c57,LAEA01000142.1,21754,21586,-,VSRAGSTSWVPLRSTVQVRSLPPPSGQRIPMRVRRAPGKVTHLLVLVLAQQSALG
KJS38424.1,Rhodospirillaceae bacterium BRH_c57,LAEA01000142.1,23829,23721,-,MRILTLGKRPRSCSGPLFVGMMALAPDLVRRKNTP
KJS38424.1,Rhodospirillaceae bacterium BRH_c57,LAEA01000142.1,26004,25899,-,MVAKMTAADLITRGPEVFAPCHASQRGPRGRATP
KJS38424.1,Rhodospirillaceae bacterium BRH_c57,LAEA01000142.1,26007,25899,-,LMVAKMTAADLITRGPEVFAPCHASQRGPRGRATP
KJS38424.1,Rhodospirillaceae bacterium BRH_c57,LAEA01000142.1,28366,28465,+,VRSMGLGILDSRGGKAAMLQEKQPVGKLKHKT
KJS38424.1,Rhodospirillaceae bacterium BRH_c57,LAEA01000142.1,28377,27921,-,MLRTRLNEALKEAMRAREQRAIGTVRLILAALKDRDIAARSRGVADGIPDDEIHQMLQSMIKQRRESIAMYEQGGRLELAEQEAEEITIIERFLPKQMGDAEVEAAVRDTIRDLEAANLKDMGRVMTALRERFAGRMDFGKASLAVKAQLG
KJS38424.1,Rhodospirillaceae bacterium BRH_c57,LAEA01000142.1,28504,28678,+,LTGPTGCRKQRPICPSPSRRCAASCPLPAPPSLVVPPRGLGVSAGRRFRAPAHHEKR
KJS38424.1,Rhodospirillaceae bacterium BRH_c57,LAEA01000142.1,28541,28358,-,LAAVYGILWVLSRFRFLPFFHPEQGFKFCVSVCRQAVFPVASLPFLHGCPGFQAPCFAPV
KJS38424.1,Rhodospirillaceae bacterium BRH_c57,LAEA01000142.1,28598,28358,-,MEAREAGKTQRTGATATGKLAAVYGILWVLSRFRFLPFFHPEQGFKFCVSVCRQAVFPVASLPFLHGCPGFQAPCFAPV
KJS38424.1,Rhodospirillaceae bacterium BRH_c57,LAEA01000142.1,28616,28358,-,VGEPREMEAREAGKTQRTGATATGKLAAVYGILWVLSRFRFLPFFHPEQGFKFCVSVCRQAVFPVASLPFLHGCPGFQAPCFAPV
KJS38424.1,Rhodospirillaceae bacterium BRH_c57,LAEA01000142.1,28663,28420,-,MSGRAKSPPGRHSQTAWGNHERWRRGKRARRSAPARRRRANWPLFTASCGSCQDSGFCHFSIQNKGLSFVFQFADRLFFL
KJS38424.1,Rhodospirillaceae bacterium BRH_c57,LAEA01000142.1,28666,28420,-,VMSGRAKSPPGRHSQTAWGNHERWRRGKRARRSAPARRRRANWPLFTASCGSCQDSGFCHFSIQNKGLSFVFQFADRLFFL
KJS38424.1,Rhodospirillaceae bacterium BRH_c57,LAEA01000142.1,28679,28778,+,VSAASPVAPSSGAARASVPPPCGTVRESEVHD
KJS38424.1,Rhodospirillaceae bacterium BRH_c57,LAEA01000142.1,28772,28358,-,MDFTFSDRPAGWRNGGSGRPGGRRDGGGRRHVNASRDERAREIASRPTLPDRVGEPREMEAREAGKTQRTGATATGKLAAVYGILWVLSRFRFLPFFHPEQGFKFCVSVCRQAVFPVASLPFLHGCPGFQAPCFAPV
KJS38424.1,Rhodospirillaceae bacterium BRH_c57,LAEA01000142.1,28787,28358,-,LIVSVMDFTFSDRPAGWRNGGSGRPGGRRDGGGRRHVNASRDERAREIASRPTLPDRVGEPREMEAREAGKTQRTGATATGKLAAVYGILWVLSRFRFLPFFHPEQGFKFCVSVCRQAVFPVASLPFLHGCPGFQAPCFAPV
KJS38424.1,Rhodospirillaceae bacterium BRH_c57,LAEA01000142.1,28793,28358,-,VLLIVSVMDFTFSDRPAGWRNGGSGRPGGRRDGGGRRHVNASRDERAREIASRPTLPDRVGEPREMEAREAGKTQRTGATATGKLAAVYGILWVLSRFRFLPFFHPEQGFKFCVSVCRQAVFPVASLPFLHGCPGFQAPCFAPV
KJS38424.1,Rhodospirillaceae bacterium BRH_c57,LAEA01000142.1,29966,30245,+,MPEGADFAAFKQALLRVMAEEDRLPGPMHRNLAEVVEEHGLTVPDADWLHHAVVDFCETGLIQLDGYGLVPNPGEPILYALTLHGLDRSGGI
KJS38424.1,Rhodospirillaceae bacterium BRH_c57,LAEA01000142.1,30368,30704,+,MAINVHRALGPGLLESAYEHCLGHELHLNGIEFARQVPLPIRYKDTDLECGYRLDLVVENVLLLELKAVDGLTPLHDAQIITYLRLSGLKTGLLMNFNTTMLKNGIRRFVA
KJS38424.1,Rhodospirillaceae bacterium BRH_c57,LAEA01000142.1,34242,34104,-,LPFRFRSSSSRARWPSAVMGIFSIHSVSLNDKREGKADLALRTNP
KJS38424.1,Rhodospirillaceae bacterium BRH_c57,LAEA01000142.1,34260,34104,-,MTAGRSLPFRFRSSSSRARWPSAVMGIFSIHSVSLNDKREGKADLALRTNP
KJS38424.1,Rhodospirillaceae bacterium BRH_c57,LAEA01000142.1,34269,34104,-,MARMTAGRSLPFRFRSSSSRARWPSAVMGIFSIHSVSLNDKREGKADLALRTNP
KJS38424.1,Rhodospirillaceae bacterium BRH_c57,LAEA01000142.1,34288,34099,-,VFARFGDGADDGGPFLAFQVPQFVLKGALALGGHGYLFHSLSFPERQKGGQGGPCPQDEPIE
KJS38424.1,Rhodospirillaceae bacterium BRH_c57,LAEA01000142.1,34318,34099,-,VVLGVFGQVAVFARFGDGADDGGPFLAFQVPQFVLKGALALGGHGYLFHSLSFPERQKGGQGGPCPQDEPIE
WP_019503881,Pleurocapsa sp. PCC 7319,NZ_KB235920.1,26447,25655,-,MCKIVSIHSFRGGTGKSNMVANVAATMAQQGQKVGIIDTDLQSPGIHVIFGLDEDQINLSLNDYLWGKCNIQEAAYDVTCVFNSEPVDGELYLIPSSIKAGEISRVLREGYDVGRLNDGFQELIRCLKLDYLLIDTHPGLNEETLLSIAISDVLVVIFRPDSQDFQGTAVTVDVARKLQVPKMLLVVNKVLSAYDFAALITKVQRSYKTDVAGIIPLSEDIIQLASSDVFCLRHPDHFFSQTIREISQQIASKPEAVLAGEIK
WP_019503881,Pleurocapsa sp. PCC 7319,NZ_KB235920.1,28069,27898,-,MNSNQIPNKVATAAQKSDDSSSVLPRQGWQDKQAFIKALIKAKQSLEIAEISNFLT
WP_019503881,Pleurocapsa sp. PCC 7319,NZ_KB235920.1,29686,29377,-,MSIENAKSFYERVSTDKQFRTQLENTASAEERQKIIQAAGFEFTNQEWEIAKEQILATSESNNGELSEAELTAVSGGVDLSIFELLDEEPLFPIRPLYGLPI
WP_019503881,Pleurocapsa sp. PCC 7319,NZ_KB235920.1,29810,29702,-,VGGIILSLWLLKSAFSKIAKNNKLCKGFHPLKKSP
WP_019503881,Pleurocapsa sp. PCC 7319,NZ_KB235920.1,30094,29797,-,MSIESAKAFYQRMTDDASFRTPFEAELSKEERQQLIKDSGYDFTAEEWQQAMTEIQAARSNEELNEEELEAIAGGAVAAMYGVVFPWDNEFPWPRWGG
WP_019503881,Pleurocapsa sp. PCC 7319,NZ_KB235920.1,32115,31779,-,MENQQGANQNSQKSRTEIEATLVAKAWQNDDFRQELMSNPRKVFASEFNQEIPESTNIQVLEESNDTYYLVIPKKPDVSEELSDEALEAIAGGWYFVTNDDEGAIVGSDSN
WP_019503881,Pleurocapsa sp. PCC 7319,NZ_KB235920.1,32207,32318,+,LHLFLQSCIKINIILYFSYKHMSLKNNNMHIIIFIW
WP_019503881,Pleurocapsa sp. PCC 7319,NZ_KB235920.1,32213,32318,+,LFLQSCIKINIILYFSYKHMSLKNNNMHIIIFIW
WP_019503881,Pleurocapsa sp. PCC 7319,NZ_KB235920.1,34159,33379,-,MIKVLVIEDEIKARENFLGCLETGGFKGIEATDGYMGVQKAQEQLPELVVCDILLPELNGYGVLKTLRQEPTTAIIPFILLTSNINRAEFRQGMQLGADDYLSKASTEEEFLGAIAAQLRKREALKEFYTKKYKRSEIKPETETNSILPSSQDPKIQEIFDYIEAHYQESISLIDVANAMGYSKCYLTNLVKRQTGTSLHCWIIKRRLAAAEALLKGTNYSLETIAEEVGYFNPSHFYRQFRQYRDTTPKVWRKIHRGY
WP_019503881,Pleurocapsa sp. PCC 7319,NZ_KB235920.1,34218,34383,+,LMKYGKVLLAKFNQVSLLLLPCISSVKLSALKVDTSSNLKASSCFQEMARCWRS
WP_019503881,Pleurocapsa sp. PCC 7319,NZ_KB235920.1,34221,34383,+,MKYGKVLLAKFNQVSLLLLPCISSVKLSALKVDTSSNLKASSCFQEMARCWRS
WP_019503881,Pleurocapsa sp. PCC 7319,NZ_KB235920.1,34275,34383,+,LPCISSVKLSALKVDTSSNLKASSCFQEMARCWRS
WP_019503881,Pleurocapsa sp. PCC 7319,NZ_KB235920.1,34280,34499,+,MYLICEIISIEGRYQLELKGFKLFSRNGSVLEIMTNMCLGHLLSDRLMRRTKVCNARTNFNYSFRTKKTLAG
WP_019503881,Pleurocapsa sp. PCC 7319,NZ_KB235920.1,34367,34499,+,VLEIMTNMCLGHLLSDRLMRRTKVCNARTNFNYSFRTKKTLAG
WP_019503881,Pleurocapsa sp. PCC 7319,NZ_KB235920.1,34370,34499,+,LEIMTNMCLGHLLSDRLMRRTKVCNARTNFNYSFRTKKTLAG
WP_019503881,Pleurocapsa sp. PCC 7319,NZ_KB235920.1,34379,34499,+,MTNMCLGHLLSDRLMRRTKVCNARTNFNYSFRTKKTLAG
WP_019503881,Pleurocapsa sp. PCC 7319,NZ_KB235920.1,34381,34252,-,MISNTEPFLENSLKPLSSSWYLPSMLIISQMRYMAIVIMILG
WP_019503881,Pleurocapsa sp. PCC 7319,NZ_KB235920.1,34388,34499,+,MCLGHLLSDRLMRRTKVCNARTNFNYSFRTKKTLAG
WP_019503881,Pleurocapsa sp. PCC 7319,NZ_KB235920.1,34443,34569,+,MQELILTTVSELKKHWQDSPFGEDFLNIDTCDRRNLIRRVQ
WP_019503881,Pleurocapsa sp. PCC 7319,NZ_KB235920.1,34444,34252,-,LQTFVLLIRRSLKRCPKHIFVMISNTEPFLENSLKPLSSSWYLPSMLIISQMRYMAIVIMILG
WP_019503881,Pleurocapsa sp. PCC 7319,NZ_KB235920.1,34532,34394,-,VSILRKSSPKGLSCQCFFSSETVVKISSCIANFRPSHQAIAQKMP
WP_019503881,Pleurocapsa sp. PCC 7319,NZ_KB235920.1,35987,36245,+,LSELDSQNHSKALSNKLFFVFKHHEIGFLIFLFLGEFFFALIKSMTIAFASEHLTAQICNPMKLRDSYGITVWKVHVLDLKIINS
WP_019503881,Pleurocapsa sp. PCC 7319,NZ_KB235920.1,36044,36245,+,VFKHHEIGFLIFLFLGEFFFALIKSMTIAFASEHLTAQICNPMKLRDSYGITVWKVHVLDLKIINS
WP_019503881,Pleurocapsa sp. PCC 7319,NZ_KB235920.1,36119,36245,+,MTIAFASEHLTAQICNPMKLRDSYGITVWKVHVLDLKIINS
WP_019503881,Pleurocapsa sp. PCC 7319,NZ_KB235920.1,36266,36146,-,VDSDKLRLRIYYLQVQNMNFPHCNSIAVSQLHRVTYLGC
WP_019503881,Pleurocapsa sp. PCC 7319,NZ_KB235920.1,36375,36543,+,VITFASSDCNLEKSFSLGLFLKIVIIFPFQINFFDMKLIFKPSFIFYQAVKRSSF
WP_019503881,Pleurocapsa sp. PCC 7319,NZ_KB235920.1,36423,36543,+,LGLFLKIVIIFPFQINFFDMKLIFKPSFIFYQAVKRSSF
WP_019503881,Pleurocapsa sp. PCC 7319,NZ_KB235920.1,36429,36543,+,LFLKIVIIFPFQINFFDMKLIFKPSFIFYQAVKRSSF
WP_019503881,Pleurocapsa sp. PCC 7319,NZ_KB235920.1,36449,36290,-,MTIFKNNPKEKLFSKLQSEEAKVITGVRLVSSRSYYFDYLIVKSKTFQNNAG
WP_019503881,Pleurocapsa sp. PCC 7319,NZ_KB235920.1,38825,38987,+,LTPRTFHIHQKSFSLLFLFNKSTLYSAMPAIVPAAFYRVDAHSFLAILVIPVT
WP_019503881,Pleurocapsa sp. PCC 7319,NZ_KB235920.1,38846,38159,-,MKCPRCQSDNTQKDGHANGKQRWECKDCGRIFRDSYSSKGYHPQVKKICLNMYLNGMGFRGIERVTGIHHTTIINWVKESGEELPEDESGEPELAELDELQTYIGRKTDKIWIWTAINHLAPGIIAMEIGDRSGSTFKQLWQRIKIWDSRKYFSDGYCIYAIYIPSSKHQVLPKTKLTRVEGENTRLRHYLARLHRATLCYSKSIQMLRYSVRLLMHYLKFKQIPIPV
WP_019503881,Pleurocapsa sp. PCC 7319,NZ_KB235920.1,38994,38880,-,LGIKLQGLLGWLGNYGHLPYKKQQELLRALLNREWIC
WP_019503882,Pleurocapsa sp. PCC 7319,NZ_KB235920.1,21170,21278,+,LTEIIHNYPQSSSTTLHRFHLQESRSFDASPTRWQ
WP_019503882,Pleurocapsa sp. PCC 7319,NZ_KB235920.1,26447,25655,-,MCKIVSIHSFRGGTGKSNMVANVAATMAQQGQKVGIIDTDLQSPGIHVIFGLDEDQINLSLNDYLWGKCNIQEAAYDVTCVFNSEPVDGELYLIPSSIKAGEISRVLREGYDVGRLNDGFQELIRCLKLDYLLIDTHPGLNEETLLSIAISDVLVVIFRPDSQDFQGTAVTVDVARKLQVPKMLLVVNKVLSAYDFAALITKVQRSYKTDVAGIIPLSEDIIQLASSDVFCLRHPDHFFSQTIREISQQIASKPEAVLAGEIK
WP_019503882,Pleurocapsa sp. PCC 7319,NZ_KB235920.1,28069,27898,-,MNSNQIPNKVATAAQKSDDSSSVLPRQGWQDKQAFIKALIKAKQSLEIAEISNFLT
WP_019503882,Pleurocapsa sp. PCC 7319,NZ_KB235920.1,29686,29377,-,MSIENAKSFYERVSTDKQFRTQLENTASAEERQKIIQAAGFEFTNQEWEIAKEQILATSESNNGELSEAELTAVSGGVDLSIFELLDEEPLFPIRPLYGLPI
WP_019503882,Pleurocapsa sp. PCC 7319,NZ_KB235920.1,29810,29702,-,VGGIILSLWLLKSAFSKIAKNNKLCKGFHPLKKSP
WP_019503882,Pleurocapsa sp. PCC 7319,NZ_KB235920.1,30094,29797,-,MSIESAKAFYQRMTDDASFRTPFEAELSKEERQQLIKDSGYDFTAEEWQQAMTEIQAARSNEELNEEELEAIAGGAVAAMYGVVFPWDNEFPWPRWGG
WP_019503882,Pleurocapsa sp. PCC 7319,NZ_KB235920.1,32115,31779,-,MENQQGANQNSQKSRTEIEATLVAKAWQNDDFRQELMSNPRKVFASEFNQEIPESTNIQVLEESNDTYYLVIPKKPDVSEELSDEALEAIAGGWYFVTNDDEGAIVGSDSN
WP_019503882,Pleurocapsa sp. PCC 7319,NZ_KB235920.1,32207,32318,+,LHLFLQSCIKINIILYFSYKHMSLKNNNMHIIIFIW
WP_019503882,Pleurocapsa sp. PCC 7319,NZ_KB235920.1,32213,32318,+,LFLQSCIKINIILYFSYKHMSLKNNNMHIIIFIW
WP_019503882,Pleurocapsa sp. PCC 7319,NZ_KB235920.1,34159,33379,-,MIKVLVIEDEIKARENFLGCLETGGFKGIEATDGYMGVQKAQEQLPELVVCDILLPELNGYGVLKTLRQEPTTAIIPFILLTSNINRAEFRQGMQLGADDYLSKASTEEEFLGAIAAQLRKREALKEFYTKKYKRSEIKPETETNSILPSSQDPKIQEIFDYIEAHYQESISLIDVANAMGYSKCYLTNLVKRQTGTSLHCWIIKRRLAAAEALLKGTNYSLETIAEEVGYFNPSHFYRQFRQYRDTTPKVWRKIHRGY
WP_019503882,Pleurocapsa sp. PCC 7319,NZ_KB235920.1,34218,34383,+,LMKYGKVLLAKFNQVSLLLLPCISSVKLSALKVDTSSNLKASSCFQEMARCWRS
WP_019503882,Pleurocapsa sp. PCC 7319,NZ_KB235920.1,34221,34383,+,MKYGKVLLAKFNQVSLLLLPCISSVKLSALKVDTSSNLKASSCFQEMARCWRS
WP_019503882,Pleurocapsa sp. PCC 7319,NZ_KB235920.1,34275,34383,+,LPCISSVKLSALKVDTSSNLKASSCFQEMARCWRS
WP_019503882,Pleurocapsa sp. PCC 7319,NZ_KB235920.1,34280,34499,+,MYLICEIISIEGRYQLELKGFKLFSRNGSVLEIMTNMCLGHLLSDRLMRRTKVCNARTNFNYSFRTKKTLAG
WP_019503882,Pleurocapsa sp. PCC 7319,NZ_KB235920.1,34367,34499,+,VLEIMTNMCLGHLLSDRLMRRTKVCNARTNFNYSFRTKKTLAG
WP_019503882,Pleurocapsa sp. PCC 7319,NZ_KB235920.1,34370,34499,+,LEIMTNMCLGHLLSDRLMRRTKVCNARTNFNYSFRTKKTLAG
WP_019503882,Pleurocapsa sp. PCC 7319,NZ_KB235920.1,34379,34499,+,MTNMCLGHLLSDRLMRRTKVCNARTNFNYSFRTKKTLAG
WP_019503882,Pleurocapsa sp. PCC 7319,NZ_KB235920.1,34381,34252,-,MISNTEPFLENSLKPLSSSWYLPSMLIISQMRYMAIVIMILG
WP_019503882,Pleurocapsa sp. PCC 7319,NZ_KB235920.1,34388,34499,+,MCLGHLLSDRLMRRTKVCNARTNFNYSFRTKKTLAG
WP_019503882,Pleurocapsa sp. PCC 7319,NZ_KB235920.1,34443,34569,+,MQELILTTVSELKKHWQDSPFGEDFLNIDTCDRRNLIRRVQ
WP_019503882,Pleurocapsa sp. PCC 7319,NZ_KB235920.1,34444,34252,-,LQTFVLLIRRSLKRCPKHIFVMISNTEPFLENSLKPLSSSWYLPSMLIISQMRYMAIVIMILG
WP_019503882,Pleurocapsa sp. PCC 7319,NZ_KB235920.1,34532,34394,-,VSILRKSSPKGLSCQCFFSSETVVKISSCIANFRPSHQAIAQKMP
WP_019503882,Pleurocapsa sp. PCC 7319,NZ_KB235920.1,35987,36245,+,LSELDSQNHSKALSNKLFFVFKHHEIGFLIFLFLGEFFFALIKSMTIAFASEHLTAQICNPMKLRDSYGITVWKVHVLDLKIINS
WP_019503882,Pleurocapsa sp. PCC 7319,NZ_KB235920.1,36044,36245,+,VFKHHEIGFLIFLFLGEFFFALIKSMTIAFASEHLTAQICNPMKLRDSYGITVWKVHVLDLKIINS
WP_019503882,Pleurocapsa sp. PCC 7319,NZ_KB235920.1,36119,36245,+,MTIAFASEHLTAQICNPMKLRDSYGITVWKVHVLDLKIINS
WP_019503882,Pleurocapsa sp. PCC 7319,NZ_KB235920.1,36266,36146,-,VDSDKLRLRIYYLQVQNMNFPHCNSIAVSQLHRVTYLGC
WP_019503882,Pleurocapsa sp. PCC 7319,NZ_KB235920.1,36375,36543,+,VITFASSDCNLEKSFSLGLFLKIVIIFPFQINFFDMKLIFKPSFIFYQAVKRSSF
WP_019503882,Pleurocapsa sp. PCC 7319,NZ_KB235920.1,36423,36543,+,LGLFLKIVIIFPFQINFFDMKLIFKPSFIFYQAVKRSSF
WP_019503882,Pleurocapsa sp. PCC 7319,NZ_KB235920.1,36429,36543,+,LFLKIVIIFPFQINFFDMKLIFKPSFIFYQAVKRSSF
WP_019503882,Pleurocapsa sp. PCC 7319,NZ_KB235920.1,36449,36290,-,MTIFKNNPKEKLFSKLQSEEAKVITGVRLVSSRSYYFDYLIVKSKTFQNNAG
WP_019503882,Pleurocapsa sp. PCC 7319,NZ_KB235920.1,38846,38159,-,MKCPRCQSDNTQKDGHANGKQRWECKDCGRIFRDSYSSKGYHPQVKKICLNMYLNGMGFRGIERVTGIHHTTIINWVKESGEELPEDESGEPELAELDELQTYIGRKTDKIWIWTAINHLAPGIIAMEIGDRSGSTFKQLWQRIKIWDSRKYFSDGYCIYAIYIPSSKHQVLPKTKLTRVEGENTRLRHYLARLHRATLCYSKSIQMLRYSVRLLMHYLKFKQIPIPV
WP_019503882,Pleurocapsa sp. PCC 7319,NZ_KB235920.1,38910,39499,+,XXXXXXXXXXXXXXXXXXXXXXXXXXXXXXXXXXXXXXXXXXXXXXXXXXXXXXXXXXXXXXXXXXXXXXXXXXXXXXXXXXXXXXXXXXXXXXXXXXXXXXXXXXXXXXXXXXXXXXXXXXXXXXXXXXXXXXXXXXXXXXXXXXXXXXXXXXXXXXXXXXXXXXXXXXXXXXXXXXXXXXXXXXXXXXXXXXXX
WP_019503882,Pleurocapsa sp. PCC 7319,NZ_KB235920.1,39548,39644,+,LEKSRTLAKIFCGMLRSFTFLLIKHEILASY
WP_019503882,Pleurocapsa sp. PCC 7319,NZ_KB235920.1,39619,39511,-,LINKKVKLLSIPQNIFARVLLFSKDAVKSQVKKTG
WP_007357382.1,Kamptonema formosum PCC 6407,NZ_KB235904.1,465906,466122,+,MYVLQPKIFDYLAAHINQNFREGGEFQLTSCLEKLRQEEGIAGYIVKGKCFDTGLPDVYRQTLIDFPNSGQ
WP_007357382.1,Kamptonema formosum PCC 6407,NZ_KB235904.1,465939,466122,+,LAAHINQNFREGGEFQLTSCLEKLRQEEGIAGYIVKGKCFDTGLPDVYRQTLIDFPNSGQ
WP_007357382.1,Kamptonema formosum PCC 6407,NZ_KB235904.1,465995,466100,+,LPGKIAAGRGDRRLYCERQVFRYGIARCLSTDIN
WP_007357382.1,Kamptonema formosum PCC 6407,NZ_KB235904.1,466008,466122,+,LRQEEGIAGYIVKGKCFDTGLPDVYRQTLIDFPNSGQ
WP_007357382.1,Kamptonema formosum PCC 6407,NZ_KB235904.1,466093,465952,-,MSVDKHRAIPYRNTCLSQYNLRSPLPAAIFPGKTLIEIPLLPGNFG
WP_007357382.1,Kamptonema formosum PCC 6407,NZ_KB235904.1,466321,466105,-,MNLISKIVQNALATGYLTLEAEENLRHLLQMTKYGLEDFEAFITLQAEVIEGRVKQEARELLLLNIATDQS
WP_007357382.1,Kamptonema formosum PCC 6407,NZ_KB235904.1,467226,466665,-,MTNGRLIVLTGPSGVGKGTLVRSLLQRHSQLYLSVSVTTRSPREGEIEGKHYYFVSRSKFLQMVEAGELLEWAEFAGNLYGTPIESVKQGIQEGKLVVLEIELEGARQIRDTFPEALRIFILPPSWDELERRLRSRGQDSEDAIARRLQRAKEEIDAAGEFDFQVINDDLQGTLERLESVLFVPVS
WP_007357382.1,Kamptonema formosum PCC 6407,NZ_KB235904.1,467496,467229,-,MDIQLINIGFGNIVSANRVIAIVSPESAPIKRIISDARERGQLIDATYGRRTRAVIITDSSHVILSAIQPETVAHRFVLHKDGQGKDD
WP_007357382.1,Kamptonema formosum PCC 6407,NZ_KB235904.1,467702,467813,+,LAFLLEIVLKCNLCLPVGNCNTCNLTTKKGAARATS
WP_007357382.1,Kamptonema formosum PCC 6407,NZ_KB235904.1,467711,467813,+,LLEIVLKCNLCLPVGNCNTCNLTTKKGAARATS
WP_007357382.1,Kamptonema formosum PCC 6407,NZ_KB235904.1,469616,469727,+,LLYICNFFVKLLLEREDKGLHNPLQAWEGAVWVSSF
WP_007357382.1,Kamptonema formosum PCC 6407,NZ_KB235904.1,469638,469818,+,LLNYYLRGKTKVFITPCKLGKAQFGFPPSENTTDLNIFADQLVFKLVVLFQEIEEGARG
WP_007357382.1,Kamptonema formosum PCC 6407,NZ_KB235904.1,469653,469818,+,LRGKTKVFITPCKLGKAQFGFPPSENTTDLNIFADQLVFKLVVLFQEIEEGARG
WP_007357382.1,Kamptonema formosum PCC 6407,NZ_KB235904.1,471078,471225,+,VRRDRDIFPRFAIAKTQFASEYNIERVISFILFSLALFKKSFNLAKFL
WP_007357382.1,Kamptonema formosum PCC 6407,NZ_KB235904.1,471386,471221,-,MDSKSEKVLELAKSEVDTTFTQEQVAEMLVVAIARSQIVFEEGEFSEDELEAVA
WP_007357382.1,Kamptonema formosum PCC 6407,NZ_KB235904.1,478326,478428,+,LTVLGRTGYSDKRFEQESNVKRTSQRHLLNPFI
WP_007357382.1,Kamptonema formosum PCC 6407,NZ_KB235904.1,478443,478740,+,MSTRKEAEEQLAIKALKDPSFREKLKANPKAVISSEFNTQVPDDLTIEVVEETATKMYLVLPAPEAVEEELSEEQLEAVAGGGCWIAGSRGCGFVTRT
WP_007357382.1,Kamptonema formosum PCC 6407,NZ_KB235904.1,483738,483636,-,LLILILKSIATILMLGFTSFHPTYFYYSFSYPG
WP_007357382.1,Kamptonema formosum PCC 6407,NZ_KB235904.1,484847,484748,-,LVIGNCNVGARRQLSYAMIYRFVAARGHPTFN
WP_007357382.1,Kamptonema formosum PCC 6407,NZ_KB235904.1,490083,490206,+,LDGSLSFAIKLILYIFTEQIIQKKNSNVKKLIKNLHPQAG
WP_007357382.1,Kamptonema formosum PCC 6407,NZ_KB235904.1,490095,490206,+,LSFAIKLILYIFTEQIIQKKNSNVKKLIKNLHPQAG
WP_007357382.1,Kamptonema formosum PCC 6407,NZ_KB235904.1,490140,490020,-,LLSENVQNKFDSKTQTPIQIPILGCFLSSFPKFSLSSQN
WP_007357382.1,Kamptonema formosum PCC 6407,NZ_KB235904.1,490149,490020,-,LYYLLSENVQNKFDSKTQTPIQIPILGCFLSSFPKFSLSSQN
WP_007357382.1,Kamptonema formosum PCC 6407,NZ_KB235904.1,490169,490070,-,LTLEFFFCIICSVKMYKISLIAKLKLPSKFQF
WP_007357382.1,Kamptonema formosum PCC 6407,NZ_KB235904.1,490303,491002,+,MIEVYYWTTPNGHKITMFLEEVGVPYTLIPINIGAGDQFKPEFLKIAPNNRIPAIVDREPVDGGEPISVFESGAILLYLAEKTGKLIPGEIRDRLEVLQWLFWQMGGLGPMAGQNHHFSQYAPEKIPYAIARYVNETGRLYAVLNRRLSDREFVGGDYSIADIAIYPWIVPYALQGQKLEDFEHLQRWFEAIKARPATIRAYQQAEAFKTQAISIEESRNLLFNQSAKTVND
WP_007357382.1,Kamptonema formosum PCC 6407,NZ_KB235904.1,491002,491140,+,MKKQGTRNKGGDRTIYLSDRYRIDLVAIAALLEQDLPQNIRNATF
WP_036784545.1,Pseudophaeobacter arcticus DSM 23566,NZ_KI421507.1,618443,618635,+,LLRLFMKLSCGLSFSTGSVPRNNLTPLRLKNLCQVGPIRFLKRRNCRLILPALWKFLNSNGFR
WP_036784545.1,Pseudophaeobacter arcticus DSM 23566,NZ_KI421507.1,618446,618635,+,LRLFMKLSCGLSFSTGSVPRNNLTPLRLKNLCQVGPIRFLKRRNCRLILPALWKFLNSNGFR
WP_036784545.1,Pseudophaeobacter arcticus DSM 23566,NZ_KI421507.1,618458,618635,+,MKLSCGLSFSTGSVPRNNLTPLRLKNLCQVGPIRFLKRRNCRLILPALWKFLNSNGFR
WP_036784545.1,Pseudophaeobacter arcticus DSM 23566,NZ_KI421507.1,618497,618635,+,VPRNNLTPLRLKNLCQVGPIRFLKRRNCRLILPALWKFLNSNGFR
WP_036784545.1,Pseudophaeobacter arcticus DSM 23566,NZ_KI421507.1,618521,618635,+,LRLKNLCQVGPIRFLKRRNCRLILPALWKFLNSNGFR
WP_036784545.1,Pseudophaeobacter arcticus DSM 23566,NZ_KI421507.1,618527,618635,+,LKNLCQVGPIRFLKRRNCRLILPALWKFLNSNGFR
WP_036784545.1,Pseudophaeobacter arcticus DSM 23566,NZ_KI421507.1,618644,618536,-,LVDSSEPIAVQEFPKRGQNEPAVPALQKPDWAHLT
WP_036784545.1,Pseudophaeobacter arcticus DSM 23566,NZ_KI421507.1,620249,620144,-,MQAQADAPPRAPLSGRVRHLACSKFGTEAVNQPG
WP_036784545.1,Pseudophaeobacter arcticus DSM 23566,NZ_KI421507.1,620279,620144,-,VTRRPIVALPMQAQADAPPRAPLSGRVRHLACSKFGTEAVNQPG
WP_036784545.1,Pseudophaeobacter arcticus DSM 23566,NZ_KI421507.1,620935,620275,-,MVEWVTSDNLVDYDSAVSFMENRAAAIAAGEAEECIWLLEHPPLYTAGTSAKIEDLTDPDRFPVYPSKRGGQYTYHGPGQRVVYVMLNVAKRGHDVRRFVQELEAWVILALAEFNLTGHIRPGRVGVWVERPDKPRRADGGLSEDKIAAIGIRLRKWVSFHGISVNVEPDLDHFGGIVPCGILEHGVTSLVDLGLPVTLSDVDVALKRSFYEIFAAEIE
WP_036784545.1,Pseudophaeobacter arcticus DSM 23566,NZ_KI421507.1,622912,623011,+,VFEIGESGRILQPWCEILISLILPLHFSSWLV
WP_036784545.1,Pseudophaeobacter arcticus DSM 23566,NZ_KI421507.1,623093,623294,+,VEVRVFSTAPLSKVKNCFPLVFSTREKVTWDISSTHSNAKAGFTTIVERQRSHLAVRCPPGGKSKV
WP_036784545.1,Pseudophaeobacter arcticus DSM 23566,NZ_KI421507.1,623121,623007,-,VRSRRLELPRVLPHSDLNAARLPIPPRPHCLGLVWGY
WP_036784545.1,Pseudophaeobacter arcticus DSM 23566,NZ_KI421507.1,623124,623007,-,MVRSRRLELPRVLPHSDLNAARLPIPPRPHCLGLVWGY
WP_036784545.1,Pseudophaeobacter arcticus DSM 23566,NZ_KI421507.1,623131,622996,-,LDNGAVEKTRTSTGVTPQRPQRCASTNSATTALSRLGVGVLDEP
WP_036784545.1,Pseudophaeobacter arcticus DSM 23566,NZ_KI421507.1,623188,622996,-,MSQVTFSRVEKTKGKQFLTLDNGAVEKTRTSTGVTPQRPQRCASTNSATTALSRLGVGVLDEP
WP_036784545.1,Pseudophaeobacter arcticus DSM 23566,NZ_KI421507.1,623197,622996,-,VLDMSQVTFSRVEKTKGKQFLTLDNGAVEKTRTSTGVTPQRPQRCASTNSATTALSRLGVGVLDEP
WP_036784545.1,Pseudophaeobacter arcticus DSM 23566,NZ_KI421507.1,623281,622996,-,LPPGGHLTARCDLWRSTIVVKPAFAFECVLDMSQVTFSRVEKTKGKQFLTLDNGAVEKTRTSTGVTPQRPQRCASTNSATTALSRLGVGVLDEP
WP_036784545.1,Pseudophaeobacter arcticus DSM 23566,NZ_KI421507.1,623287,622996,-,LDLPPGGHLTARCDLWRSTIVVKPAFAFECVLDMSQVTFSRVEKTKGKQFLTLDNGAVEKTRTSTGVTPQRPQRCASTNSATTALSRLGVGVLDEP
WP_036784545.1,Pseudophaeobacter arcticus DSM 23566,NZ_KI421507.1,623308,622996,-,VYDVLQTLDLPPGGHLTARCDLWRSTIVVKPAFAFECVLDMSQVTFSRVEKTKGKQFLTLDNGAVEKTRTSTGVTPQRPQRCASTNSATTALSRLGVGVLDEP
WP_036784545.1,Pseudophaeobacter arcticus DSM 23566,NZ_KI421507.1,623377,623581,+,XXXXXXXXXXXXXXXXXXXXXXXXXXXXXXXXXXXXXXXXXXXXXXXXXXXXXXXXXXXXXXXXXXXX
WP_036784545.1,Pseudophaeobacter arcticus DSM 23566,NZ_KI421507.1,623388,623259,-,VRIPKPTKGRERSLPAALRRLMGFGRMCMTYFRLWTCPLEGI
WP_036784545.1,Pseudophaeobacter arcticus DSM 23566,NZ_KI421507.1,623394,623259,-,MQVRIPKPTKGRERSLPAALRRLMGFGRMCMTYFRLWTCPLEGI
WP_036784545.1,Pseudophaeobacter arcticus DSM 23566,NZ_KI421507.1,626024,626375,+,LPLDNEGGKIWLFGKANAFQRNPRRPSAPTARHPLRQGPSNSKTQHNSLCASLLDIGLPKGWHEAGVFGHPVDGTCGPRCNRPRCNCPVLAICGLYPAGCPVLQDRHPSLIKLIAR
WP_036784545.1,Pseudophaeobacter arcticus DSM 23566,NZ_KI421507.1,626037,626193,+,MRAARSGFLVRQMHSSATLADHLHRRPGTLCAKARQIAKHSTIACAPVCWI
WP_036784545.1,Pseudophaeobacter arcticus DSM 23566,NZ_KI421507.1,626061,626193,+,LVRQMHSSATLADHLHRRPGTLCAKARQIAKHSTIACAPVCWI
WP_036784545.1,Pseudophaeobacter arcticus DSM 23566,NZ_KI421507.1,626073,626193,+,MHSSATLADHLHRRPGTLCAKARQIAKHSTIACAPVCWI
WP_036784545.1,Pseudophaeobacter arcticus DSM 23566,NZ_KI421507.1,626152,626014,-,LLFDGPWRRGCLAVGADGLRGLRWNAFALPKSQILPPSLSRGKHT
WP_036784545.1,Pseudophaeobacter arcticus DSM 23566,NZ_KI421507.1,626164,626014,-,LCCVLLFDGPWRRGCLAVGADGLRGLRWNAFALPKSQILPPSLSRGKHT
WP_036784545.1,Pseudophaeobacter arcticus DSM 23566,NZ_KI421507.1,626170,626359,+,VRQFAGYRFAQRVARGRGIRPPGGRNVWSSLQPPSLQLPCVGYMWPVPGRLSSFAGPASITD
WP_036784545.1,Pseudophaeobacter arcticus DSM 23566,NZ_KI421507.1,626180,626375,+,LLDIGLPKGWHEAGVFGHPVDGTCGPRCNRPRCNCPVLAICGLYPAGCPVLQDRHPSLIKLIAR
WP_036784545.1,Pseudophaeobacter arcticus DSM 23566,NZ_KI421507.1,626195,626375,+,LPKGWHEAGVFGHPVDGTCGPRCNRPRCNCPVLAICGLYPAGCPVLQDRHPSLIKLIAR
WP_036784545.1,Pseudophaeobacter arcticus DSM 23566,NZ_KI421507.1,626203,626014,-,LGKPISSKLAHRLLCCVLLFDGPWRRGCLAVGADGLRGLRWNAFALPKSQILPPSLSRGKHT
WP_036784545.1,Pseudophaeobacter arcticus DSM 23566,NZ_KI421507.1,626206,626359,+,VARGRGIRPPGGRNVWSSLQPPSLQLPCVGYMWPVPGRLSSFAGPASITD
WP_036784545.1,Pseudophaeobacter arcticus DSM 23566,NZ_KI421507.1,626237,626375,+,VDGTCGPRCNRPRCNCPVLAICGLYPAGCPVLQDRHPSLIKLIAR
WP_036784545.1,Pseudophaeobacter arcticus DSM 23566,NZ_KI421507.1,626248,626359,+,VWSSLQPPSLQLPCVGYMWPVPGRLSSFAGPASITD
WP_036784545.1,Pseudophaeobacter arcticus DSM 23566,NZ_KI421507.1,626250,626355,+,VVLAATALAATALCWLYVACTRQAVQFCRTGIHH
WP_036784545.1,Pseudophaeobacter arcticus DSM 23566,NZ_KI421507.1,626266,626014,-,LQRGPHVPSTGWPNTPASCHPLGKPISSKLAHRLLCCVLLFDGPWRRGCLAVGADGLRGLRWNAFALPKSQILPPSLSRGKHT
WP_036784545.1,Pseudophaeobacter arcticus DSM 23566,NZ_KI421507.1,626281,626014,-,LQRGRLQRGPHVPSTGWPNTPASCHPLGKPISSKLAHRLLCCVLLFDGPWRRGCLAVGADGLRGLRWNAFALPKSQILPPSLSRGKHT
WP_036784545.1,Pseudophaeobacter arcticus DSM 23566,NZ_KI421507.1,626345,626141,-,MPVLQNWTACRVQATYSQHRAVAARAVAARTTRSVHRVAEYPGLVPPFGQTYIQQTGAQAIVLCFAI
WP_036784545.1,Pseudophaeobacter arcticus DSM 23566,NZ_KI421507.1,626401,626509,+,MNLKANSFEGQTCYRTRLEGPPSKRRGHLSNWTQC
WP_036784545.1,Pseudophaeobacter arcticus DSM 23566,NZ_KI421507.1,632920,633205,+,MSNWTEEDQHTAISALMERCASDANFYQSALADPAAAIKTVSGKALPEGFNLRLVANEGADLTLVLPDPVSEDLSDADLEAVAGGGRSCTVTIM
WP_036784545.1,Pseudophaeobacter arcticus DSM 23566,NZ_KI421507.1,635251,636109,+,MSATSPNPQASEASAQGQSIARRNRLSASDLNRAFLSRGSSQPVVLTGLTDGWPAMERWSFDHFAKTYGDERVIVTDFLGSKNLHKVGFGRYLDYVRDPSLDLLPGKQAKTPWYSPYWSPFVDHPELAADFDVSEVVENWMPDASAIEASDGSSEALMAQWVLRGFSWLFIGPAGTYTPRHLDTLNTHAWNTQICGRKRFDLWAPGRPAQDETPDLQVVLEPGETLIIPMGWAHAVGALEASISLTGNFFNATNSAAFFRTIYTQPEVWQAKARLVPALKAQLAP
WP_036784545.1,Pseudophaeobacter arcticus DSM 23566,NZ_KI421507.1,641045,641180,+,LDNPDFDVTERPLHRASELAHAEAEPWQGAVRGKAEAANLKRPI
WP_036784545.1,Pseudophaeobacter arcticus DSM 23566,NZ_KI421507.1,641066,641180,+,VTERPLHRASELAHAEAEPWQGAVRGKAEAANLKRPI
WP_036784545.1,Pseudophaeobacter arcticus DSM 23566,NZ_KI421507.1,641081,641180,+,LHRASELAHAEAEPWQGAVRGKAEAANLKRPI
WP_036784545.1,Pseudophaeobacter arcticus DSM 23566,NZ_KI421507.1,641087,640958,-,VQRTFRHIKIRIIQSAKSVDLRGSDDQLWLKPRVPPFQFTAT
WP_036784545.1,Pseudophaeobacter arcticus DSM 23566,NZ_KI421507.1,641108,640958,-,MRQFRRPVQRTFRHIKIRIIQSAKSVDLRGSDDQLWLKPRVPPFQFTAT
WP_036784545.1,Pseudophaeobacter arcticus DSM 23566,NZ_KI421507.1,641129,640958,-,LPGFRLSMRQFRRPVQRTFRHIKIRIIQSAKSVDLRGSDDQLWLKPRVPPFQFTAT
WP_036784545.1,Pseudophaeobacter arcticus DSM 23566,NZ_KI421507.1,641146,640996,-,LPLTAPCQGSASACASSDALCKGRSVTSKSGLSNQPKALTCEDLMINSG
WP_036784545.1,Pseudophaeobacter arcticus DSM 23566,NZ_KI421507.1,641161,640996,-,LAASALPLTAPCQGSASACASSDALCKGRSVTSKSGLSNQPKALTCEDLMINSG
WP_036784545.1,Pseudophaeobacter arcticus DSM 23566,NZ_KI421507.1,641175,641028,-,LAASDWPLRLCPSLLLARVPPQHAPVPTPCAKDVPSHQNQDYPISQKR
WP_036784545.1,Pseudophaeobacter arcticus DSM 23566,NZ_KI421507.1,641189,640958,-,LASLNWPLQIGRFGFAPHCSLPGFRLSMRQFRRPVQRTFRHIKIRIIQSAKSVDLRGSDDQLWLKPRVPPFQFTAT
WP_036784545.1,Pseudophaeobacter arcticus DSM 23566,NZ_KI421507.1,641216,640958,-,MVFTSVLFRLASLNWPLQIGRFGFAPHCSLPGFRLSMRQFRRPVQRTFRHIKIRIIQSAKSVDLRGSDDQLWLKPRVPPFQFTAT
WP_036784545.1,Pseudophaeobacter arcticus DSM 23566,NZ_KI421507.1,641219,640958,-,LMVFTSVLFRLASLNWPLQIGRFGFAPHCSLPGFRLSMRQFRRPVQRTFRHIKIRIIQSAKSVDLRGSDDQLWLKPRVPPFQFTAT
WP_036784545.1,Pseudophaeobacter arcticus DSM 23566,NZ_KI421507.1,643422,642999,-,MENSISPLHNYLSYALAAAHRKVATSLNARLRRHGIQIEAWRILETLDEGPRLTMGQLAEIVLMNPPTLTKLVDRMVSDGLVHRQVAQGDHRQINVLPTDLGRKRMMQIRQEIQQQDAAILNQLGKDETAQLVQLLRDIA
WP_036784545.1,Pseudophaeobacter arcticus DSM 23566,NZ_KI421507.1,644769,644670,-,MSRPQTGRRFEWLKPWEILVSNSSIKFEMETK
WP_036784545.1,Pseudophaeobacter arcticus DSM 23566,NZ_KI421507.1,644858,644711,-,MQEPNPNQGKQRHRHQQSNPEHGSSPRRYACPAPKRGDDLNGSNRGRF
WP_011131484.1,Prochlorococcus marinus str. MIT 9313,NC_005071.1,2228656,2228767,+,LPRVYCLALASIMGDATMGSPSTAAMWLNRGIKYWP
WP_011131484.1,Prochlorococcus marinus str. MIT 9313,NC_005071.1,2228665,2228767,+,VYCLALASIMGDATMGSPSTAAMWLNRGIKYWP
WP_011131484.1,Prochlorococcus marinus str. MIT 9313,NC_005071.1,2230519,2230411,-,VSFLFCASLVDLFPVSMGDVSLLPSTCRLNTRLHV
WP_011131484.1,Prochlorococcus marinus str. MIT 9313,NC_005071.1,2230598,2230487,-,VARAIVISSRGLFVLLTHDRSMMWGNSVFSLLCIAG
WP_011131484.1,Prochlorococcus marinus str. MIT 9313,NC_005071.1,2230616,2230487,-,LDILLGVARAIVISSRGLFVLLTHDRSMMWGNSVFSLLCIAG
WP_011131484.1,Prochlorococcus marinus str. MIT 9313,NC_005071.1,2230644,2230764,+,VTALGPSDKRQATSDKRQATSDKRQATSDKRQATSDKRL
WP_011131484.1,Prochlorococcus marinus str. MIT 9313,NC_005071.1,2230726,2230627,-,LSLVACRLSLVACRLSLVACRLVLMQSRKDKE
WP_011131484.1,Prochlorococcus marinus str. MIT 9313,NC_005071.1,2230747,2230627,-,LSLVACRLSLVACRLSLVACRLSLVACRLVLMQSRKDKE
WP_011131484.1,Prochlorococcus marinus str. MIT 9313,NC_005071.1,2230754,2230640,-,LSLVACRLSLVACRLSLVACRLSLVACRLSLGPNAVT
WP_011131484.1,Prochlorococcus marinus str. MIT 9313,NC_005071.1,2230768,2230627,-,LARVACRLSLVACRLSLVACRLSLVACRLSLVACRLVLMQSRKDKE
WP_011131484.1,Prochlorococcus marinus str. MIT 9313,NC_005071.1,2230773,2230653,-,LHWLESLVACRLSLVACRLSLVACRLSLVACRLSLVAWS
WP_011131484.1,Prochlorococcus marinus str. MIT 9313,NC_005071.1,2230780,2230627,-,VTVALARVACRLSLVACRLSLVACRLSLVACRLSLVACRLVLMQSRKDKE
WP_011131484.1,Prochlorococcus marinus str. MIT 9313,NC_005071.1,2230840,2230627,-,LCNRFVWHNFFLANATILAEVTVALARVACRLSLVACRLSLVACRLSLVACRLSLVACRLVLMQSRKDKE
WP_011131484.1,Prochlorococcus marinus str. MIT 9313,NC_005071.1,2230915,2231011,+,MVMKAYQGRPRENIFKASRNFIVHISQVLSK
WP_011131484.1,Prochlorococcus marinus str. MIT 9313,NC_005071.1,2230987,2230873,-,MHYKISTRFKNIFSGSTLIRFHYHLSTNHILVVGYLC
WP_011131484.1,Prochlorococcus marinus str. MIT 9313,NC_005071.1,2231059,2231197,+,MNPNNNLTRLKHTITTDAETQRRKEERSAFLQSTSRPSIQFSELT
WP_011131484.1,Prochlorococcus marinus str. MIT 9313,NC_005071.1,2231095,2230873,-,VLKSSEVVIWIHWLSITLGYARGSVQLALFRQDLRYMHYKISTRFKNIFSGSTLIRFHYHLSTNHILVVGYLC
WP_011131484.1,Prochlorococcus marinus str. MIT 9313,NC_005071.1,2231122,2230873,-,LSLCICCNCVLKSSEVVIWIHWLSITLGYARGSVQLALFRQDLRYMHYKISTRFKNIFSGSTLIRFHYHLSTNHILVVGYLC
WP_011131484.1,Prochlorococcus marinus str. MIT 9313,NC_005071.1,2231155,2230873,-,LQKSRSLFFSALSLCICCNCVLKSSEVVIWIHWLSITLGYARGSVQLALFRQDLRYMHYKISTRFKNIFSGSTLIRFHYHLSTNHILVVGYLC
WP_011131484.1,Prochlorococcus marinus str. MIT 9313,NC_005071.1,2231216,2231501,+,MESSLASWSAEDSNNSRKAVMQTGKTLTWYCFPQTWIKLVLERGVAIATVCNNCDTSIQYIQEHYFQYGATHSTAALSTGRKRLKALFDKGWMP
WP_011131484.1,Prochlorococcus marinus str. MIT 9313,NC_005071.1,2231727,2231547,-,MSLVPRWEVMTDEAKAITKRIAVSALVLLFALWIVRALIPWAILAICGYWAYRWLVKGT
WP_011131484.1,Prochlorococcus marinus str. MIT 9313,NC_005071.1,2232053,2231774,-,MTRFSGGQLSPSPSSDSEEWQCMDEGTLKPSRSGAVCMTCHHFRYVVGKQCQTLLSCPIHQRLIPHGEHLNSKCHQWTIRRELEVGWAPEVA
WP_011131484.1,Prochlorococcus marinus str. MIT 9313,NC_005071.1,2232162,2232270,+,MGLVKQGQHAHSCRQILHNLRTFKYHPNGPFAPCT
WP_011131484.1,Prochlorococcus marinus str. MIT 9313,NC_005071.1,2232187,2232298,+,MLIHAGKFCIISGLSNTTQTGLLRPAPREDFSILTQ
WP_011131484.1,Prochlorococcus marinus str. MIT 9313,NC_005071.1,2232336,2232195,-,MVNVHIKYNGFFFYCVSIEKSSLGAGRKRPVWVVFESPEIMQNLPA
WP_011131484.1,Prochlorococcus marinus str. MIT 9313,NC_005071.1,2232346,2232664,+,MLRKQEKNAITRGVLLGIGWGWGLDRFYEGDKKGGILSILGWGIIFMSLFYLKCSGIEYVDGVKDYSNYSPNPLIILPLIAGLYGAYLIIRKAFKLAKQFENAED
WP_011131484.1,Prochlorococcus marinus str. MIT 9313,NC_005071.1,2232357,2232195,-,LRSIVQLMVNVHIKYNGFFFYCVSIEKSSLGAGRKRPVWVVFESPEIMQNLPA
WP_011131484.1,Prochlorococcus marinus str. MIT 9313,NC_005071.1,2232776,2232674,-,MACNAVVKKHEKSANFGQRLYLKIHLRGFVSLF
WP_011131484.1,Prochlorococcus marinus str. MIT 9313,NC_005071.1,2232782,2232674,-,LYMACNAVVKKHEKSANFGQRLYLKIHLRGFVSLF
WP_011131484.1,Prochlorococcus marinus str. MIT 9313,NC_005071.1,2232937,2232787,-,MKIDRINESELPLTTLISITCFFRFFFGVGLVVTPITPPRLRLIVLKWI
WP_011131484.1,Prochlorococcus marinus str. MIT 9313,NC_005071.1,2232940,2232787,-,LMKIDRINESELPLTTLISITCFFRFFFGVGLVVTPITPPRLRLIVLKWI
WP_011131484.1,Prochlorococcus marinus str. MIT 9313,NC_005071.1,2233034,2232926,-,MFTALSGNTTVAAVIIVGTIVLWLYLYNKRNIDED
WP_011131484.1,Prochlorococcus marinus str. MIT 9313,NC_005071.1,2233090,2232991,-,MIQLKGRLKPSMTRGLSDLCLLLSRVIQLLQL
WP_011131484.1,Prochlorococcus marinus str. MIT 9313,NC_005071.1,2233105,2232991,-,MKSDTMIQLKGRLKPSMTRGLSDLCLLLSRVIQLLQL
WP_011131484.1,Prochlorococcus marinus str. MIT 9313,NC_005071.1,2233108,2232991,-,MMKSDTMIQLKGRLKPSMTRGLSDLCLLLSRVIQLLQL
WP_011131484.1,Prochlorococcus marinus str. MIT 9313,NC_005071.1,2233175,2233037,-,VFNKYVNDDDYKGFDMELITEEYDEVRYYDSTEGKIETFDDTRPE
WP_011131484.1,Prochlorococcus marinus str. MIT 9313,NC_005071.1,2233193,2233037,-,LEEGIRVFNKYVNDDDYKGFDMELITEEYDEVRYYDSTEGKIETFDDTRPE
WP_011131484.1,Prochlorococcus marinus str. MIT 9313,NC_005071.1,2233262,2233037,-,MSYLLNIYDNPGHPPTNHEKIENLEEGIRVFNKYVNDDDYKGFDMELITEEYDEVRYYDSTEGKIETFDDTRPE
WP_011131484.1,Prochlorococcus marinus str. MIT 9313,NC_005071.1,2233367,2233265,-,MFHFYVDNDDFNDEVIELVEDGANKVIRHYNPN
WP_011131484.1,Prochlorococcus marinus str. MIT 9313,NC_005071.1,2233391,2233265,-,LSLEKGEEMFHFYVDNDDFNDEVIELVEDGANKVIRHYNPN
WP_011131484.1,Prochlorococcus marinus str. MIT 9313,NC_005071.1,2233433,2233265,-,LYYIDDLPTKLKTELSLEKGEEMFHFYVDNDDFNDEVIELVEDGANKVIRHYNPN
WP_011131484.1,Prochlorococcus marinus str. MIT 9313,NC_005071.1,2233436,2233265,-,LLYYIDDLPTKLKTELSLEKGEEMFHFYVDNDDFNDEVIELVEDGANKVIRHYNPN
WP_011131484.1,Prochlorococcus marinus str. MIT 9313,NC_005071.1,2233448,2233265,-,MTYHLLYYIDDLPTKLKTELSLEKGEEMFHFYVDNDDFNDEVIELVEDGANKVIRHYNPN
WP_011131484.1,Prochlorococcus marinus str. MIT 9313,NC_005071.1,2233453,2233555,+,VVIYQYHSLSYFPTLGLTINLHLKTSLCFSLPF
WP_011131484.1,Prochlorococcus marinus str. MIT 9313,NC_005071.1,2233564,2233444,-,LVRSKRQRETQRSFEVEVDGQSKRGKVGQTMVLINNHLI
WP_011131484.1,Prochlorococcus marinus str. MIT 9313,NC_005071.1,2233668,2233482,-,MKWFILLFVLFFVGYSWEELGIAKLVFFLFGCSYSWFVQKGREKHKEVLRWRLMVNPSVGK
WP_011131484.1,Prochlorococcus marinus str. MIT 9313,NC_005071.1,2233707,2233482,-,LRDLENELRIYNFMKWFILLFVLFFVGYSWEELGIAKLVFFLFGCSYSWFVQKGREKHKEVLRWRLMVNPSVGK
WP_011131484.1,Prochlorococcus marinus str. MIT 9313,NC_005071.1,2233716,2233482,-,MKKLRDLENELRIYNFMKWFILLFVLFFVGYSWEELGIAKLVFFLFGCSYSWFVQKGREKHKEVLRWRLMVNPSVGK
WP_011131484.1,Prochlorococcus marinus str. MIT 9313,NC_005071.1,2234197,2233810,-,MNHREDWVNEKRDRIIESSKGMEFDECSISVGVRSLIGNLRFLFLVLDECSYIKIKIRDKLMTVTVTIPDYNIVINPYLETDECLNQSQEKEDWITYEWLKEYGLVELMDKECRRTNEEKEKIEKERQ
WP_011131484.1,Prochlorococcus marinus str. MIT 9313,NC_005071.1,2234577,2234763,+,VSSLFVIGLNGCERSIPRMNTSSSNFSTTSLIPIIASCDLDHRSYYELPELEYWKNLPEIT
WP_011131484.1,Prochlorococcus marinus str. MIT 9313,NC_005071.1,2234586,2234763,+,LFVIGLNGCERSIPRMNTSSSNFSTTSLIPIIASCDLDHRSYYELPELEYWKNLPEIT
WP_011131484.1,Prochlorococcus marinus str. MIT 9313,NC_005071.1,2234597,2234363,-,MTNNELTIEQLQAINGGGVFAKLDGFGSTTARSNQRRVVIHPDLIVDPGHKVGFDVGPVGAIRNPKTVEIVGVLIGL
WP_011131484.1,Prochlorococcus marinus str. MIT 9313,NC_005071.1,2234601,2234763,+,LNGCERSIPRMNTSSSNFSTTSLIPIIASCDLDHRSYYELPELEYWKNLPEIT
WP_011131484.1,Prochlorococcus marinus str. MIT 9313,NC_005071.1,2234631,2234763,+,MNTSSSNFSTTSLIPIIASCDLDHRSYYELPELEYWKNLPEIT
WP_011131484.1,Prochlorococcus marinus str. MIT 9313,NC_005071.1,2234667,2234763,+,LIPIIASCDLDHRSYYELPELEYWKNLPEIT
WP_011131484.1,Prochlorococcus marinus str. MIT 9313,NC_005071.1,2235151,2234896,-,MSEEQLKAFIAKVQADTSLQEQLKAEGADVVAIAKAAGFAITKEDLNSHRQTLSEDELESVAGGGRIDTCPAGGGTSEQTGTCC
WP_011131484.1,Prochlorococcus marinus str. MIT 9313,NC_005071.1,2235487,2235229,-,MSEEQLKAFIAKVQADSSLQEQLKAEGADPVSIAKAAGFTITTEDLNSHRQNLSDEELEGAAGGAGGTIPSLMTGCGWLTGLCVR
WP_011131484.1,Prochlorococcus marinus str. MIT 9313,NC_005071.1,2235641,2235545,-,LLLIAGAQEPKHRKPLLLQGLFISSMTSIFA
WP_011131484.1,Prochlorococcus marinus str. MIT 9313,NC_005071.1,2235656,2235545,-,LITAILLLIAGAQEPKHRKPLLLQGLFISSMTSIFA
WP_011131484.1,Prochlorococcus marinus str. MIT 9313,NC_005071.1,2235668,2235545,-,LLSILITAILLLIAGAQEPKHRKPLLLQGLFISSMTSIFA
WP_011131484.1,Prochlorococcus marinus str. MIT 9313,NC_005071.1,2235904,2235652,-,MSEEQLKAFIAKVQADPSLQEQLKAEGADVVAIAKAAGFTITTEDLKTARQTLSDDDLEGVAGGYEDGDYTKSISIVVACCRF
WP_011131484.1,Prochlorococcus marinus str. MIT 9313,NC_005071.1,2236278,2236026,-,MSEEQLKAFLTKVQADTSLQEQLKIEGADVVAIAKAAGFSITTEDLNSHRQNLSDDELEGVAGGAACHNHAPSMPPSYWEGEC
WP_011131484.1,Prochlorococcus marinus str. MIT 9313,NC_005071.1,2236619,2236379,-,MSEEQLKAFIAKVQADTSLQEQLKAEGADVVAIAKAAGFSIATEDLKTHRQTLSDDDLEGVAGGAGCYPICDWTSPTRS
WP_011131484.1,Prochlorococcus marinus str. MIT 9313,NC_005071.1,2236746,2236641,-,LNSLHTQSPHGAFCFFNDFHIRLKRHPIPGTLNL
WP_011131484.1,Prochlorococcus marinus str. MIT 9313,NC_005071.1,2237021,2236769,-,MSEEQLKAFIAKVQADTSLQEQLKAEGADVVAIAKAAGFAISTEDLNNHRQNLSDDELEGVAGGGICVYVNCVLSIRETPSVI
WP_011131484.1,Prochlorococcus marinus str. MIT 9313,NC_005071.1,2237144,2237033,-,LKRGYGDNEARFRSLNGVKDLFDFSLCLLLTAKYKT
WP_011131484.1,Prochlorococcus marinus str. MIT 9313,NC_005071.1,2237255,2237363,+,LRKLLFEIPSKSFQHNHSQLQWRIGISIQHLILKL
WP_011131484.1,Prochlorococcus marinus str. MIT 9313,NC_005071.1,2237317,2237482,+,VEDRHFYTAFDSEVIEITTRNPATQNYYYEGVIYCIQSSGRYYRARWPCCSAVF
WP_011131484.1,Prochlorococcus marinus str. MIT 9313,NC_005071.1,2237402,2237594,+,MKVSFTVYNPQEGTTEPDGLAVVRYFNNYTGSHLYSTNTQEQAILNSSAEWTNEGVAWYGAAV
WP_011131484.1,Prochlorococcus marinus str. MIT 9313,NC_005071.1,2237408,2237594,+,VSFTVYNPQEGTTEPDGLAVVRYFNNYTGSHLYSTNTQEQAILNSSAEWTNEGVAWYGAAV
WP_011131484.1,Prochlorococcus marinus str. MIT 9313,NC_005071.1,2237428,2237308,-,LYTVNDTFIIVILRSGIPRGYFYNFRIKCCIEMPILHCN
WP_011131484.1,Prochlorococcus marinus str. MIT 9313,NC_005071.1,2237468,2237594,+,VRYFNNYTGSHLYSTNTQEQAILNSSAEWTNEGVAWYGAAV
WP_011131484.1,Prochlorococcus marinus str. MIT 9313,NC_005071.1,2238079,2237803,-,MKDTTFSDYSYEPFQQLKHKLMTDPTENEQVNEELSTDELKGVSGGFGLEENHYFTGSKPEGSGYGGTREDWKKSKTIVKSTLGDGDGEHE
WP_011131484.1,Prochlorococcus marinus str. MIT 9313,NC_005071.1,2238278,2238056,-,MTKPNEEVNEELSTDELKSVSGGSPWDYSGGLYPTGKNLLKRNGPEGSGYGGTRRDWEKSQTFVDGGEGHDLQ
WP_011131484.1,Prochlorococcus marinus str. MIT 9313,NC_005071.1,2238481,2238277,-,MTDPKENEQVNEELSTDELKSVSGGIMVPGEGTNLRGDGPEGSGSGETLKDWKKRNSLKDVIITSYS
WP_011131484.1,Prochlorococcus marinus str. MIT 9313,NC_005071.1,2238637,2238733,+,LAIRYKYSLCSLIVIRVFDQKNQINIRRFLS
WP_011131484.1,Prochlorococcus marinus str. MIT 9313,NC_005071.1,2238645,2238477,-,MAKPKKPEDGVKPEEGKVELSNEDLEGVDGGVGGEEELFSNLQNNELIIKPTYGL
